Name,Description,Source Organization,Source,Date,Country of Applicability,Other,"Composition, Parameters/Conditions",Valid until,PCR title & Number,Functional Unit,Excluded Lifecycle Stages,Environmental Parameters/Impact Categories Included,HS Codes,Unit,Value,Link to EPD,EPD registration number,Composition items list,Equation,Primary Product
FLQ-1-b,Sampled from ceramic celadon body,UC Irvine,Chemical Composition of Ceramic Samples. (2019),2019,GLO,,,,,,,,,,,,,"Na2O(wt%) - 0.62,MgO(wt%) - 0.38,Al2O3(wt%) - 19.61,SiO2(wt%) - 71.99,K2O(wt%) - 4.84,CaO(wt%) - 0.31,TiO2(wt%) - 0.07,Fe2O3(wt%) - 1.18,MnO(ppm) - 630,CuO(ppm) - 10,ZnO(ppm) - 70,PbO2(ppm) - 10,Rb2O(ppm) - 430,SrO(ppm) - 0,Y2O3(ppm) - 40,ZrO2(ppm) - 80,P2O5(ppm) - 90",,
FLQ-2-b,Sampled from ceramic celadon body,UC Irvine,Chemical Composition of Ceramic Samples. (2019),2019,GLO,,,,,,,,,,,,,"Na2O(wt%) - 0.57,MgO(wt%) - 0.47,Al2O3(wt%) - 21.19,SiO2(wt%) - 70.09,K2O(wt%) - 4.98,CaO(wt%) - 0.49,TiO2(wt%) - 0.09,Fe2O3(wt%) - 1.12,MnO(ppm) - 380,CuO(ppm) - 20,ZnO(ppm) - 80,PbO2(ppm) - 40,Rb2O(ppm) - 430,SrO(ppm) - 10,Y2O3(ppm) - 40,ZrO2(ppm) - 100,P2O5(ppm) - 110",,
FLQ-3-b,Sampled from ceramic celadon body,UC Irvine,Chemical Composition of Ceramic Samples. (2019),2019,GLO,,,,,,,,,,,,,"Na2O(wt%) - 0.49,MgO(wt%) - 0.19,Al2O3(wt%) - 18.6,SiO2(wt%) - 74.7,K2O(wt%) - 3.47,CaO(wt%) - 0.43,TiO2(wt%) - 0.06,Fe2O3(wt%) - 1.07,MnO(ppm) - 420,CuO(ppm) - 20,ZnO(ppm) - 50,PbO2(ppm) - 50,Rb2O(ppm) - 380,SrO(ppm) - 40,Y2O3(ppm) - 40,ZrO2(ppm) - 80,P2O5(ppm) - 200",,
FLQ-4-b,Sampled from ceramic celadon body,UC Irvine,Chemical Composition of Ceramic Samples. (2019),2019,GLO,,,,,,,,,,,,,"Na2O(wt%) - 0.89,MgO(wt%) - 0.3,Al2O3(wt%) - 18.01,SiO2(wt%) - 74.19,K2O(wt%) - 4.01,CaO(wt%) - 0.27,TiO2(wt%) - 0.09,Fe2O3(wt%) - 1.23,MnO(ppm) - 460,CuO(ppm) - 20,ZnO(ppm) - 70,PbO2(ppm) - 60,Rb2O(ppm) - 380,SrO(ppm) - 10,Y2O3(ppm) - 40,ZrO2(ppm) - 70,P2O5(ppm) - 210",,
FLQ-5-b,Sampled from ceramic celadon body,UC Irvine,Chemical Composition of Ceramic Samples. (2019),2019,GLO,,,,,,,,,,,,,"Na2O(wt%) - 0.03,MgO(wt%) - 0.36,Al2O3(wt%) - 18.41,SiO2(wt%) - 73.99,K2O(wt%) - 4.33,CaO(wt%) - 0.65,TiO2(wt%) - 0.05,Fe2O3(wt%) - 1.19,MnO(ppm) - 380,CuO(ppm) - 40,ZnO(ppm) - 90,PbO2(ppm) - 40,Rb2O(ppm) - 360,SrO(ppm) - 10,Y2O3(ppm) - 30,ZrO2(ppm) - 80,P2O5(ppm) - 150",,
FLQ-6-b,Sampled from ceramic celadon body,UC Irvine,Chemical Composition of Ceramic Samples. (2019),2019,GLO,,,,,,,,,,,,,"Na2O(wt%) - 0.62,MgO(wt%) - 0.18,Al2O3(wt%) - 18.82,SiO2(wt%) - 73.79,K2O(wt%) - 4.28,CaO(wt%) - 0.3,TiO2(wt%) - 0.04,Fe2O3(wt%) - 0.96,MnO(ppm) - 350,CuO(ppm) - 20,ZnO(ppm) - 80,PbO2(ppm) - 10,Rb2O(ppm) - 390,SrO(ppm) - 10,Y2O3(ppm) - 40,ZrO2(ppm) - 80,P2O5(ppm) - 130",,
FLQ-7-b,Sampled from ceramic celadon body,UC Irvine,Chemical Composition of Ceramic Samples. (2019),2019,GLO,,,,,,,,,,,,,"Na2O(wt%) - 0.45,MgO(wt%) - 0.33,Al2O3(wt%) - 17.65,SiO2(wt%) - 74.99,K2O(wt%) - 3.53,CaO(wt%) - 0.7,TiO2(wt%) - 0.07,Fe2O3(wt%) - 1.28,MnO(ppm) - 650,CuO(ppm) - 20,ZnO(ppm) - 90,PbO2(ppm) - 90,Rb2O(ppm) - 410,SrO(ppm) - 30,Y2O3(ppm) - 30,ZrO2(ppm) - 90,P2O5(ppm) - 140",,
FLQ-8-b,Sampled from ceramic celadon body,UC Irvine,Chemical Composition of Ceramic Samples. (2019),2019,GLO,,,,,,,,,,,,,"Na2O(wt%) - 0.59,MgO(wt%) - 0.45,Al2O3(wt%) - 21.42,SiO2(wt%) - 71.46,K2O(wt%) - 3.47,CaO(wt%) - 0.35,TiO2(wt%) - 0.05,Fe2O3(wt%) - 1.2,MnO(ppm) - 500,CuO(ppm) - 10,ZnO(ppm) - 70,PbO2(ppm) - 50,Rb2O(ppm) - 380,SrO(ppm) - 70,Y2O3(ppm) - 40,ZrO2(ppm) - 80,P2O5(ppm) - 440",,
FLQ-9-b,Sampled from ceramic celadon body,UC Irvine,Chemical Composition of Ceramic Samples. (2019),2019,GLO,,,,,,,,,,,,,"Na2O(wt%) - 0.42,MgO(wt%) - 0.53,Al2O3(wt%) - 23.12,SiO2(wt%) - 67.41,K2O(wt%) - 3.81,CaO(wt%) - 0.74,TiO2(wt%) - 0.16,Fe2O3(wt%) - 2.81,MnO(ppm) - 340,CuO(ppm) - 40,ZnO(ppm) - 120,PbO2(ppm) - 30,Rb2O(ppm) - 370,SrO(ppm) - 20,Y2O3(ppm) - 30,ZrO2(ppm) - 150,P2O5(ppm) - 180",,
FLQ-10-b,Sampled from ceramic celadon body,UC Irvine,Chemical Composition of Ceramic Samples. (2019),2019,GLO,,,,,,,,,,,,,"Na2O(wt%) - 0.56,MgO(wt%) - 0.49,Al2O3(wt%) - 19.86,SiO2(wt%) - 72,K2O(wt%) - 4.51,CaO(wt%) - 0.25,TiO2(wt%) - 0.23,Fe2O3(wt%) - 1.1,MnO(ppm) - 330,CuO(ppm) - 20,ZnO(ppm) - 70,PbO2(ppm) - 20,Rb2O(ppm) - 350,SrO(ppm) - 10,Y2O3(ppm) - 40,ZrO2(ppm) - 130,P2O5(ppm) - 150",,
FLQ-11-b,Sampled from ceramic celadon body,UC Irvine,Chemical Composition of Ceramic Samples. (2019),2019,GLO,,,,,,,,,,,,,"Na2O(wt%) - 0.35,MgO(wt%) - 0.23,Al2O3(wt%) - 19.53,SiO2(wt%) - 72.87,K2O(wt%) - 4.62,CaO(wt%) - 0.28,TiO2(wt%) - 0.07,Fe2O3(wt%) - 1.05,MnO(ppm) - 320,CuO(ppm) - 70,ZnO(ppm) - 40,PbO2(ppm) - 20,Rb2O(ppm) - 450,SrO(ppm) - 10,Y2O3(ppm) - 40,ZrO2(ppm) - 120,P2O5(ppm) - 140",,
FLQ-12-b,Sampled from ceramic celadon body,UC Irvine,Chemical Composition of Ceramic Samples. (2019),2019,GLO,,,,,,,,,,,,,"Na2O(wt%) - 0.43,MgO(wt%) - 0.7,Al2O3(wt%) - 19.35,SiO2(wt%) - 71.21,K2O(wt%) - 4.77,CaO(wt%) - 1.26,TiO2(wt%) - 0.04,Fe2O3(wt%) - 1.23,MnO(ppm) - 420,CuO(ppm) - 0,ZnO(ppm) - 90,PbO2(ppm) - 30,Rb2O(ppm) - 430,SrO(ppm) - 10,Y2O3(ppm) - 40,ZrO2(ppm) - 80,P2O5(ppm) - 100",,
FLQ-13-b,Sampled from ceramic celadon body,UC Irvine,Chemical Composition of Ceramic Samples. (2019),2019,GLO,,,,,,,,,,,,,"Na2O(wt%) - 0.76,MgO(wt%) - 0.44,Al2O3(wt%) - 19.45,SiO2(wt%) - 72.52,K2O(wt%) - 3.94,CaO(wt%) - 0.58,TiO2(wt%) - 0.07,Fe2O3(wt%) - 1.24,MnO(ppm) - 420,CuO(ppm) - 50,ZnO(ppm) - 100,PbO2(ppm) - 10,Rb2O(ppm) - 390,SrO(ppm) - 30,Y2O3(ppm) - 30,ZrO2(ppm) - 80,P2O5(ppm) - 150",,
DY-BS-1-b,Sampled from ceramic celadon body,UC Irvine,Chemical Composition of Ceramic Samples. (2019),2019,GLO,,,,,,,,,,,,,"Na2O(wt%) - 0.03,MgO(wt%) - 0.26,Al2O3(wt%) - 18.34,SiO2(wt%) - 73.26,K2O(wt%) - 5.11,CaO(wt%) - 0.14,TiO2(wt%) - 0.12,Fe2O3(wt%) - 1.74,MnO(ppm) - 480,CuO(ppm) - 0,ZnO(ppm) - 100,PbO2(ppm) - 90,Rb2O(ppm) - 370,SrO(ppm) - 20,Y2O3(ppm) - 50,ZrO2(ppm) - 200,P2O5(ppm) - 80",,
DY-BS-2-b,Sampled from ceramic celadon body,UC Irvine,Chemical Composition of Ceramic Samples. (2019),2019,GLO,,,,,,,,,,,,,"Na2O(wt%) - 0.71,MgO(wt%) - 0.31,Al2O3(wt%) - 24.47,SiO2(wt%) - 65.2,K2O(wt%) - 6.16,CaO(wt%) - 0.17,TiO2(wt%) - 0.09,Fe2O3(wt%) - 1.89,MnO(ppm) - 430,CuO(ppm) - 40,ZnO(ppm) - 110,PbO2(ppm) - 20,Rb2O(ppm) - 360,SrO(ppm) - 10,Y2O3(ppm) - 50,ZrO2(ppm) - 200,P2O5(ppm) - 60",,
DY-BS-3-b,Sampled from ceramic celadon body,UC Irvine,Chemical Composition of Ceramic Samples. (2019),2019,GLO,,,,,,,,,,,,,"Na2O(wt%) - 0.25,MgO(wt%) - 0.24,Al2O3(wt%) - 23.07,SiO2(wt%) - 67.37,K2O(wt%) - 5.8,CaO(wt%) - 0.18,TiO2(wt%) - 0.14,Fe2O3(wt%) - 1.94,MnO(ppm) - 280,CuO(ppm) - 0,ZnO(ppm) - 70,PbO2(ppm) - 60,Rb2O(ppm) - 370,SrO(ppm) - 10,Y2O3(ppm) - 50,ZrO2(ppm) - 200,P2O5(ppm) - 90",,
DY-BS-4-b,Sampled from ceramic celadon body,UC Irvine,Chemical Composition of Ceramic Samples. (2019),2019,GLO,,,,,,,,,,,,,"Na2O(wt%) - 0.43,MgO(wt%) - 0.47,Al2O3(wt%) - 20.67,SiO2(wt%) - 70.07,K2O(wt%) - 5.27,CaO(wt%) - 0.13,TiO2(wt%) - 0.2,Fe2O3(wt%) - 1.77,MnO(ppm) - 300,CuO(ppm) - 10,ZnO(ppm) - 80,PbO2(ppm) - 40,Rb2O(ppm) - 350,SrO(ppm) - 40,Y2O3(ppm) - 60,ZrO2(ppm) - 180,P2O5(ppm) - 110",,
DY-BS-5-b,Sampled from ceramic celadon body,UC Irvine,Chemical Composition of Ceramic Samples. (2019),2019,GLO,,,,,,,,,,,,,"Na2O(wt%) - 0.28,MgO(wt%) - 0.22,Al2O3(wt%) - 20.89,SiO2(wt%) - 70.77,K2O(wt%) - 4.79,CaO(wt%) - 0.15,TiO2(wt%) - 0.13,Fe2O3(wt%) - 1.77,MnO(ppm) - 230,CuO(ppm) - 60,ZnO(ppm) - 90,PbO2(ppm) - 60,Rb2O(ppm) - 290,SrO(ppm) - 0,Y2O3(ppm) - 60,ZrO2(ppm) - 190,P2O5(ppm) - 60",,
DY-BS-6-b,Sampled from ceramic celadon body,UC Irvine,Chemical Composition of Ceramic Samples. (2019),2019,GLO,,,,,,,,,,,,,"Na2O(wt%) - 0.25,MgO(wt%) - 0.49,Al2O3(wt%) - 20.79,SiO2(wt%) - 69.92,K2O(wt%) - 5.37,CaO(wt%) - 0.18,TiO2(wt%) - 0.15,Fe2O3(wt%) - 1.86,MnO(ppm) - 470,CuO(ppm) - 30,ZnO(ppm) - 120,PbO2(ppm) - 80,Rb2O(ppm) - 370,SrO(ppm) - 10,Y2O3(ppm) - 50,ZrO2(ppm) - 180,P2O5(ppm) - 60",,
DY-BS-7-b,Sampled from ceramic celadon body,UC Irvine,Chemical Composition of Ceramic Samples. (2019),2019,GLO,,,,,,,,,,,,,"Na2O(wt%) - 0.16,MgO(wt%) - 0.34,Al2O3(wt%) - 23.77,SiO2(wt%) - 66.31,K2O(wt%) - 6.05,CaO(wt%) - 0.16,TiO2(wt%) - 0.16,Fe2O3(wt%) - 2.05,MnO(ppm) - 280,CuO(ppm) - 40,ZnO(ppm) - 80,PbO2(ppm) - 80,Rb2O(ppm) - 400,SrO(ppm) - 20,Y2O3(ppm) - 50,ZrO2(ppm) - 230,P2O5(ppm) - 70",,
DY-NS-1-b,Sampled from ceramic celadon body,UC Irvine,Chemical Composition of Ceramic Samples. (2019),2019,GLO,,,,,,,,,,,,,"Na2O(wt%) - 0.03,MgO(wt%) - 0.36,Al2O3(wt%) - 25.13,SiO2(wt%) - 64.58,K2O(wt%) - 6.56,CaO(wt%) - 0.17,TiO2(wt%) - 0.07,Fe2O3(wt%) - 2.11,MnO(ppm) - 400,CuO(ppm) - 20,ZnO(ppm) - 90,PbO2(ppm) - 40,Rb2O(ppm) - 380,SrO(ppm) - 10,Y2O3(ppm) - 70,ZrO2(ppm) - 170,P2O5(ppm) - 110",,
DY-NS-2-b,Sampled from ceramic celadon body,UC Irvine,Chemical Composition of Ceramic Samples. (2019),2019,GLO,,,,,,,,,,,,,"Na2O(wt%) - 0.24,MgO(wt%) - 0.55,Al2O3(wt%) - 22.81,SiO2(wt%) - 66.31,K2O(wt%) - 5.59,CaO(wt%) - 0.2,TiO2(wt%) - 0.18,Fe2O3(wt%) - 3.11,MnO(ppm) - 350,CuO(ppm) - 20,ZnO(ppm) - 110,PbO2(ppm) - 70,Rb2O(ppm) - 330,SrO(ppm) - 30,Y2O3(ppm) - 50,ZrO2(ppm) - 220,P2O5(ppm) - 90",,
DY-NS-3-b,Sampled from ceramic celadon body,UC Irvine,Chemical Composition of Ceramic Samples. (2019),2019,GLO,,,,,,,,,,,,,"Na2O(wt%) - 0.29,MgO(wt%) - 0.33,Al2O3(wt%) - 23.49,SiO2(wt%) - 67.94,K2O(wt%) - 4.46,CaO(wt%) - 0.17,TiO2(wt%) - 0.16,Fe2O3(wt%) - 2.15,MnO(ppm) - 310,CuO(ppm) - 0,ZnO(ppm) - 80,PbO2(ppm) - 20,Rb2O(ppm) - 230,SrO(ppm) - 20,Y2O3(ppm) - 30,ZrO2(ppm) - 210,P2O5(ppm) - 170",,
DY-NS-4-b,Sampled from ceramic celadon body,UC Irvine,Chemical Composition of Ceramic Samples. (2019),2019,GLO,,,,,,,,,,,,,"Na2O(wt%) - 0.45,MgO(wt%) - 0.46,Al2O3(wt%) - 25.8,SiO2(wt%) - 64.42,K2O(wt%) - 4.57,CaO(wt%) - 0.15,TiO2(wt%) - 0.19,Fe2O3(wt%) - 2.97,MnO(ppm) - 240,CuO(ppm) - 60,ZnO(ppm) - 110,PbO2(ppm) - 40,Rb2O(ppm) - 270,SrO(ppm) - 0,Y2O3(ppm) - 50,ZrO2(ppm) - 260,P2O5(ppm) - 120",,
DY-NS-5-b,Sampled from ceramic celadon body,UC Irvine,Chemical Composition of Ceramic Samples. (2019),2019,GLO,,,,,,,,,,,,,"Na2O(wt%) - 0.29,MgO(wt%) - 0.23,Al2O3(wt%) - 22.26,SiO2(wt%) - 68.93,K2O(wt%) - 4.19,CaO(wt%) - 0.12,TiO2(wt%) - 0.29,Fe2O3(wt%) - 2.68,MnO(ppm) - 250,CuO(ppm) - 50,ZnO(ppm) - 120,PbO2(ppm) - 60,Rb2O(ppm) - 270,SrO(ppm) - 20,Y2O3(ppm) - 40,ZrO2(ppm) - 310,P2O5(ppm) - 70",,
DY-NS-6-b,Sampled from ceramic celadon body,UC Irvine,Chemical Composition of Ceramic Samples. (2019),2019,GLO,,,,,,,,,,,,,"Na2O(wt%) - 0.41,MgO(wt%) - 0.25,Al2O3(wt%) - 19.48,SiO2(wt%) - 71.97,K2O(wt%) - 5.03,CaO(wt%) - 0.28,TiO2(wt%) - 0.04,Fe2O3(wt%) - 1.53,MnO(ppm) - 490,CuO(ppm) - 80,ZnO(ppm) - 110,PbO2(ppm) - 60,Rb2O(ppm) - 320,SrO(ppm) - 10,Y2O3(ppm) - 60,ZrO2(ppm) - 160,P2O5(ppm) - 200",,
DY-NS-7-b,Sampled from ceramic celadon body,UC Irvine,Chemical Composition of Ceramic Samples. (2019),2019,GLO,,,,,,,,,,,,,"Na2O(wt%) - 0.34,MgO(wt%) - 0.47,Al2O3(wt%) - 22.48,SiO2(wt%) - 67.8,K2O(wt%) - 5.45,CaO(wt%) - 0.49,TiO2(wt%) - 0.14,Fe2O3(wt%) - 1.83,MnO(ppm) - 310,CuO(ppm) - 10,ZnO(ppm) - 120,PbO2(ppm) - 40,Rb2O(ppm) - 320,SrO(ppm) - 10,Y2O3(ppm) - 60,ZrO2(ppm) - 170,P2O5(ppm) - 120",,
DY-NS-8-b,Sampled from ceramic celadon body,UC Irvine,Chemical Composition of Ceramic Samples. (2019),2019,GLO,,,,,,,,,,,,,"Na2O(wt%) - 0.71,MgO(wt%) - 0.25,Al2O3(wt%) - 19.49,SiO2(wt%) - 70.85,K2O(wt%) - 5.43,CaO(wt%) - 0.27,TiO2(wt%) - 0.14,Fe2O3(wt%) - 1.88,MnO(ppm) - 370,CuO(ppm) - 30,ZnO(ppm) - 110,PbO2(ppm) - 70,Rb2O(ppm) - 330,SrO(ppm) - 30,Y2O3(ppm) - 60,ZrO2(ppm) - 190,P2O5(ppm) - 70",,
DY-Y-1-b,Sampled from ceramic celadon body,UC Irvine,Chemical Composition of Ceramic Samples. (2019),2019,GLO,,,,,,,,,,,,,"Na2O(wt%) - 0.3,MgO(wt%) - 0.37,Al2O3(wt%) - 25,SiO2(wt%) - 65.09,K2O(wt%) - 6.17,CaO(wt%) - 0.18,TiO2(wt%) - 0.07,Fe2O3(wt%) - 1.83,MnO(ppm) - 360,CuO(ppm) - 30,ZnO(ppm) - 80,PbO2(ppm) - 100,Rb2O(ppm) - 370,SrO(ppm) - 10,Y2O3(ppm) - 60,ZrO2(ppm) - 160,P2O5(ppm) - 110",,
DY-Y-2-b,Sampled from ceramic celadon body,UC Irvine,Chemical Composition of Ceramic Samples. (2019),2019,GLO,,,,,,,,,,,,,"Na2O(wt%) - 0.5,MgO(wt%) - 0.32,Al2O3(wt%) - 25.15,SiO2(wt%) - 65.37,K2O(wt%) - 5.34,CaO(wt%) - 0.12,TiO2(wt%) - 0.1,Fe2O3(wt%) - 2.1,MnO(ppm) - 400,CuO(ppm) - 30,ZnO(ppm) - 90,PbO2(ppm) - 10,Rb2O(ppm) - 380,SrO(ppm) - 0,Y2O3(ppm) - 70,ZrO2(ppm) - 190,P2O5(ppm) - 50",,
DY-Y-3-b,Sampled from ceramic celadon body,UC Irvine,Chemical Composition of Ceramic Samples. (2019),2019,GLO,,,,,,,,,,,,,"Na2O(wt%) - 0.31,MgO(wt%) - 0.41,Al2O3(wt%) - 22.77,SiO2(wt%) - 67.75,K2O(wt%) - 4.5,CaO(wt%) - 0.18,TiO2(wt%) - 0.24,Fe2O3(wt%) - 2.85,MnO(ppm) - 350,CuO(ppm) - 10,ZnO(ppm) - 100,PbO2(ppm) - 0,Rb2O(ppm) - 310,SrO(ppm) - 30,Y2O3(ppm) - 60,ZrO2(ppm) - 250,P2O5(ppm) - 90",,
DY-Y-4-b,Sampled from ceramic celadon body,UC Irvine,Chemical Composition of Ceramic Samples. (2019),2019,GLO,,,,,,,,,,,,,"Na2O(wt%) - 0.2,MgO(wt%) - 0.49,Al2O3(wt%) - 24.07,SiO2(wt%) - 66.18,K2O(wt%) - 4.66,CaO(wt%) - 0.2,TiO2(wt%) - 0.21,Fe2O3(wt%) - 2.98,MnO(ppm) - 410,CuO(ppm) - 20,ZnO(ppm) - 120,PbO2(ppm) - 90,Rb2O(ppm) - 330,SrO(ppm) - 20,Y2O3(ppm) - 60,ZrO2(ppm) - 280,P2O5(ppm) - 120",,
DY-Y-5-b,Sampled from ceramic celadon body,UC Irvine,Chemical Composition of Ceramic Samples. (2019),2019,GLO,,,,,,,,,,,,,"Na2O(wt%) - 0.26,MgO(wt%) - 0.32,Al2O3(wt%) - 26.48,SiO2(wt%) - 63.88,K2O(wt%) - 5.62,CaO(wt%) - 0.13,TiO2(wt%) - 0.15,Fe2O3(wt%) - 2.17,MnO(ppm) - 370,CuO(ppm) - 40,ZnO(ppm) - 70,PbO2(ppm) - 70,Rb2O(ppm) - 390,SrO(ppm) - 0,Y2O3(ppm) - 50,ZrO2(ppm) - 160,P2O5(ppm) - 70",,
DY-Y-6-b,Sampled from ceramic celadon body,UC Irvine,Chemical Composition of Ceramic Samples. (2019),2019,GLO,,,,,,,,,,,,,"Na2O(wt%) - 0.86,MgO(wt%) - 0.19,Al2O3(wt%) - 21.54,SiO2(wt%) - 68.95,K2O(wt%) - 5.59,CaO(wt%) - 0.16,TiO2(wt%) - 0.08,Fe2O3(wt%) - 1.63,MnO(ppm) - 620,CuO(ppm) - 30,ZnO(ppm) - 120,PbO2(ppm) - 70,Rb2O(ppm) - 390,SrO(ppm) - 20,Y2O3(ppm) - 80,ZrO2(ppm) - 210,P2O5(ppm) - 100",,
DY-Y-7-b,Sampled from ceramic celadon body,UC Irvine,Chemical Composition of Ceramic Samples. (2019),2019,GLO,,,,,,,,,,,,,"Na2O(wt%) - 0.17,MgO(wt%) - 0.53,Al2O3(wt%) - 21.4,SiO2(wt%) - 71.02,K2O(wt%) - 2.73,CaO(wt%) - 0.14,TiO2(wt%) - 0.28,Fe2O3(wt%) - 2.73,MnO(ppm) - 180,CuO(ppm) - 30,ZnO(ppm) - 80,PbO2(ppm) - 10,Rb2O(ppm) - 290,SrO(ppm) - 10,Y2O3(ppm) - 40,ZrO2(ppm) - 300,P2O5(ppm) - 170",,
DY-Y-8-b,Sampled from ceramic celadon body,UC Irvine,Chemical Composition of Ceramic Samples. (2019),2019,GLO,,,,,,,,,,,,,"Na2O(wt%) - 0.32,MgO(wt%) - 0.22,Al2O3(wt%) - 22.34,SiO2(wt%) - 68.86,K2O(wt%) - 5.28,CaO(wt%) - 0.13,TiO2(wt%) - 0.12,Fe2O3(wt%) - 1.73,MnO(ppm) - 300,CuO(ppm) - 0,ZnO(ppm) - 100,PbO2(ppm) - 60,Rb2O(ppm) - 370,SrO(ppm) - 0,Y2O3(ppm) - 70,ZrO2(ppm) - 160,P2O5(ppm) - 70",,
DY-Y-9-b,Sampled from ceramic celadon body,UC Irvine,Chemical Composition of Ceramic Samples. (2019),2019,GLO,,,,,,,,,,,,,"Na2O(wt%) - 0.39,MgO(wt%) - 0.35,Al2O3(wt%) - 23.2,SiO2(wt%) - 66.4,K2O(wt%) - 6.25,CaO(wt%) - 0.21,TiO2(wt%) - 0.1,Fe2O3(wt%) - 2.09,MnO(ppm) - 470,CuO(ppm) - 40,ZnO(ppm) - 110,PbO2(ppm) - 80,Rb2O(ppm) - 390,SrO(ppm) - 30,Y2O3(ppm) - 60,ZrO2(ppm) - 190,P2O5(ppm) - 50",,
DY-M-1-b,Sampled from ceramic celadon body,UC Irvine,Chemical Composition of Ceramic Samples. (2019),2019,GLO,,,,,,,,,,,,,"Na2O(wt%) - 0.18,MgO(wt%) - 0.18,Al2O3(wt%) - 23.25,SiO2(wt%) - 67.86,K2O(wt%) - 5.37,CaO(wt%) - 0.14,TiO2(wt%) - 0.11,Fe2O3(wt%) - 1.92,MnO(ppm) - 390,CuO(ppm) - 20,ZnO(ppm) - 120,PbO2(ppm) - 60,Rb2O(ppm) - 340,SrO(ppm) - 0,Y2O3(ppm) - 60,ZrO2(ppm) - 170,P2O5(ppm) - 50",,
DY-M-2-b,Sampled from ceramic celadon body,UC Irvine,Chemical Composition of Ceramic Samples. (2019),2019,GLO,,,,,,,,,,,,,"Na2O(wt%) - 0.42,MgO(wt%) - 0.18,Al2O3(wt%) - 22.09,SiO2(wt%) - 69.03,K2O(wt%) - 5.17,CaO(wt%) - 0.17,TiO2(wt%) - 0.07,Fe2O3(wt%) - 1.86,MnO(ppm) - 510,CuO(ppm) - 50,ZnO(ppm) - 120,PbO2(ppm) - 30,Rb2O(ppm) - 310,SrO(ppm) - 10,Y2O3(ppm) - 70,ZrO2(ppm) - 170,P2O5(ppm) - 80",,
DY-M-3-b,Sampled from ceramic celadon body,UC Irvine,Chemical Composition of Ceramic Samples. (2019),2019,GLO,,,,,,,,,,,,,"Na2O(wt%) - 0.29,MgO(wt%) - 0.21,Al2O3(wt%) - 24.35,SiO2(wt%) - 65.43,K2O(wt%) - 6.07,CaO(wt%) - 0.13,TiO2(wt%) - 0.1,Fe2O3(wt%) - 2.41,MnO(ppm) - 420,CuO(ppm) - 20,ZnO(ppm) - 100,PbO2(ppm) - 40,Rb2O(ppm) - 380,SrO(ppm) - 10,Y2O3(ppm) - 50,ZrO2(ppm) - 160,P2O5(ppm) - 70",,
DY-QC-1-b,Sampled from ceramic celadon body,UC Irvine,Chemical Composition of Ceramic Samples. (2019),2019,GLO,,,,,,,,,,,,,"Na2O(wt%) - 0.55,MgO(wt%) - 0.27,Al2O3(wt%) - 21.58,SiO2(wt%) - 69.91,K2O(wt%) - 4.61,CaO(wt%) - 0.13,TiO2(wt%) - 0.1,Fe2O3(wt%) - 1.86,MnO(ppm) - 330,CuO(ppm) - 40,ZnO(ppm) - 110,PbO2(ppm) - 10,Rb2O(ppm) - 310,SrO(ppm) - 0,Y2O3(ppm) - 50,ZrO2(ppm) - 160,P2O5(ppm) - 50",,
DY-QC-2-b,Sampled from ceramic celadon body,UC Irvine,Chemical Composition of Ceramic Samples. (2019),2019,GLO,,,,,,,,,,,,,"Na2O(wt%) - 0.64,MgO(wt%) - 0.19,Al2O3(wt%) - 21.31,SiO2(wt%) - 69.34,K2O(wt%) - 4.9,CaO(wt%) - 0.22,TiO2(wt%) - 0.14,Fe2O3(wt%) - 2.27,MnO(ppm) - 420,CuO(ppm) - 40,ZnO(ppm) - 120,PbO2(ppm) - 60,Rb2O(ppm) - 320,SrO(ppm) - 20,Y2O3(ppm) - 50,ZrO2(ppm) - 160,P2O5(ppm) - 70",,
DY-QC-3-b,Sampled from ceramic celadon body,UC Irvine,Chemical Composition of Ceramic Samples. (2019),2019,GLO,,,,,,,,,,,,,"Na2O(wt%) - 0.14,MgO(wt%) - 0.27,Al2O3(wt%) - 24.01,SiO2(wt%) - 66.7,K2O(wt%) - 5.47,CaO(wt%) - 0.23,TiO2(wt%) - 0.09,Fe2O3(wt%) - 2.08,MnO(ppm) - 420,CuO(ppm) - 30,ZnO(ppm) - 70,PbO2(ppm) - 70,Rb2O(ppm) - 320,SrO(ppm) - 30,Y2O3(ppm) - 60,ZrO2(ppm) - 390,P2O5(ppm) - 60",,
DY-QC-4-b,Sampled from ceramic celadon body,UC Irvine,Chemical Composition of Ceramic Samples. (2019),2019,GLO,,,,,,,,,,,,,"Na2O(wt%) - 0.31,MgO(wt%) - 0.28,Al2O3(wt%) - 23.23,SiO2(wt%) - 67.08,K2O(wt%) - 5.63,CaO(wt%) - 0.16,TiO2(wt%) - 0.13,Fe2O3(wt%) - 2.18,MnO(ppm) - 360,CuO(ppm) - 20,ZnO(ppm) - 90,PbO2(ppm) - 30,Rb2O(ppm) - 320,SrO(ppm) - 10,Y2O3(ppm) - 60,ZrO2(ppm) - 160,P2O5(ppm) - 60",,
FLQ-1-g,Sampled from ceramic celadon glaze,UC Irvine,Chemical Composition of Ceramic Samples. (2019),2019,GLO,,,,,,,,,,,,,"Na2O(wt%) - 0.97,MgO(wt%) - 0.07,Al2O3(wt%) - 11.42,SiO2(wt%) - 74.41,K2O(wt%) - 5.7,CaO(wt%) - 5.34,TiO2(wt%) - 0.05,Fe2O3(wt%) - 1.04,MnO(ppm) - 550,CuO(ppm) - 20,ZnO(ppm) - 60,PbO2(ppm) - 20,Rb2O(ppm) - 310,SrO(ppm) - 150,Y2O3(ppm) - 20,ZrO2(ppm) - 50,P2O5(ppm) - 390",,
FLQ-2-g,Sampled from ceramic celadon glaze,UC Irvine,Chemical Composition of Ceramic Samples. (2019),2019,GLO,,,,,,,,,,,,,"Na2O(wt%) - 1.46,MgO(wt%) - 0.47,Al2O3(wt%) - 12.96,SiO2(wt%) - 68.79,K2O(wt%) - 4.85,CaO(wt%) - 8.88,TiO2(wt%) - 0.11,Fe2O3(wt%) - 1.49,MnO(ppm) - 950,CuO(ppm) - 30,ZnO(ppm) - 40,PbO2(ppm) - 0,Rb2O(ppm) - 350,SrO(ppm) - 250,Y2O3(ppm) - 30,ZrO2(ppm) - 60,P2O5(ppm) - 840",,
FLQ-3-g,Sampled from ceramic celadon glaze,UC Irvine,Chemical Composition of Ceramic Samples. (2019),2019,GLO,,,,,,,,,,,,,"Na2O(wt%) - 1.05,MgO(wt%) - 0.23,Al2O3(wt%) - 13.64,SiO2(wt%) - 69.9,K2O(wt%) - 4.46,CaO(wt%) - 8.43,TiO2(wt%) - 0.07,Fe2O3(wt%) - 1.22,MnO(ppm) - 590,CuO(ppm) - 20,ZnO(ppm) - 90,PbO2(ppm) - 40,Rb2O(ppm) - 370,SrO(ppm) - 90,Y2O3(ppm) - 40,ZrO2(ppm) - 80,P2O5(ppm) - 460",,
FLQ-4-g,Sampled from ceramic celadon glaze,UC Irvine,Chemical Composition of Ceramic Samples. (2019),2019,GLO,,,,,,,,,,,,,"Na2O(wt%) - 0.14,MgO(wt%) - 0.41,Al2O3(wt%) - 12.42,SiO2(wt%) - 67.24,K2O(wt%) - 4.29,CaO(wt%) - 12.86,TiO2(wt%) - 0.06,Fe2O3(wt%) - 1.58,MnO(ppm) - 960,CuO(ppm) - 80,ZnO(ppm) - 70,PbO2(ppm) - 40,Rb2O(ppm) - 330,SrO(ppm) - 160,Y2O3(ppm) - 40,ZrO2(ppm) - 70,P2O5(ppm) - 1000",,
FLQ-5-g,Sampled from ceramic celadon glaze,UC Irvine,Chemical Composition of Ceramic Samples. (2019),2019,GLO,,,,,,,,,,,,,"Na2O(wt%) - 0.37,MgO(wt%) - 1.03,Al2O3(wt%) - 13.15,SiO2(wt%) - 68.98,K2O(wt%) - 5.58,CaO(wt%) - 7.91,TiO2(wt%) - 0.08,Fe2O3(wt%) - 1.9,MnO(ppm) - 800,CuO(ppm) - 60,ZnO(ppm) - 120,PbO2(ppm) - 0,Rb2O(ppm) - 320,SrO(ppm) - 80,Y2O3(ppm) - 40,ZrO2(ppm) - 80,P2O5(ppm) - 1080",,
FLQ-6-g,Sampled from ceramic celadon glaze,UC Irvine,Chemical Composition of Ceramic Samples. (2019),2019,GLO,,,,,,,,,,,,,"Na2O(wt%) - 1.09,MgO(wt%) - 0.5,Al2O3(wt%) - 13.47,SiO2(wt%) - 68.51,K2O(wt%) - 5.97,CaO(wt%) - 7.23,TiO2(wt%) - 0.19,Fe2O3(wt%) - 2.05,MnO(ppm) - 870,CuO(ppm) - 20,ZnO(ppm) - 50,PbO2(ppm) - 40,Rb2O(ppm) - 360,SrO(ppm) - 240,Y2O3(ppm) - 20,ZrO2(ppm) - 100,P2O5(ppm) - 870",,
FLQ-7-g,Sampled from ceramic celadon glaze,UC Irvine,Chemical Composition of Ceramic Samples. (2019),2019,GLO,,,,,,,,,,,,,"Na2O(wt%) - 1.16,MgO(wt%) - 0.58,Al2O3(wt%) - 13.83,SiO2(wt%) - 71.37,K2O(wt%) - 5.14,CaO(wt%) - 5.99,TiO2(wt%) - 0.08,Fe2O3(wt%) - 0.85,MnO(ppm) - 1050,CuO(ppm) - 60,ZnO(ppm) - 90,PbO2(ppm) - 20,Rb2O(ppm) - 380,SrO(ppm) - 240,Y2O3(ppm) - 40,ZrO2(ppm) - 100,P2O5(ppm) - 670",,
FLQ-8-g,Sampled from ceramic celadon glaze,UC Irvine,Chemical Composition of Ceramic Samples. (2019),2019,GLO,,,,,,,,,,,,,"Na2O(wt%) - 1.01,MgO(wt%) - 0.1,Al2O3(wt%) - 11.84,SiO2(wt%) - 71.13,K2O(wt%) - 3.84,CaO(wt%) - 9.4,TiO2(wt%) - 0.1,Fe2O3(wt%) - 1.58,MnO(ppm) - 520,CuO(ppm) - 40,ZnO(ppm) - 50,PbO2(ppm) - 40,Rb2O(ppm) - 180,SrO(ppm) - 160,Y2O3(ppm) - 30,ZrO2(ppm) - 70,P2O5(ppm) - 1610",,
FLQ-9-g,Sampled from ceramic celadon glaze,UC Irvine,Chemical Composition of Ceramic Samples. (2019),2019,GLO,,,,,,,,,,,,,"Na2O(wt%) - 1.88,MgO(wt%) - 0.58,Al2O3(wt%) - 12.95,SiO2(wt%) - 67.58,K2O(wt%) - 2.98,CaO(wt%) - 10.28,TiO2(wt%) - 0.12,Fe2O3(wt%) - 2.61,MnO(ppm) - 590,CuO(ppm) - 80,ZnO(ppm) - 90,PbO2(ppm) - 30,Rb2O(ppm) - 230,SrO(ppm) - 190,Y2O3(ppm) - 20,ZrO2(ppm) - 90,P2O5(ppm) - 690",,
FLQ-10-g,Sampled from ceramic celadon glaze,UC Irvine,Chemical Composition of Ceramic Samples. (2019),2019,GLO,,,,,,,,,,,,,"Na2O(wt%) - 0.73,MgO(wt%) - 0.25,Al2O3(wt%) - 13,SiO2(wt%) - 71.01,K2O(wt%) - 5.78,CaO(wt%) - 6.43,TiO2(wt%) - 0.1,Fe2O3(wt%) - 1.71,MnO(ppm) - 1090,CuO(ppm) - 40,ZnO(ppm) - 70,PbO2(ppm) - 20,Rb2O(ppm) - 330,SrO(ppm) - 180,Y2O3(ppm) - 30,ZrO2(ppm) - 80,P2O5(ppm) - 990",,
FLQ-11-g,Sampled from ceramic celadon glaze,UC Irvine,Chemical Composition of Ceramic Samples. (2019),2019,GLO,,,,,,,,,,,,,"Na2O(wt%) - 0.68,MgO(wt%) - 0.27,Al2O3(wt%) - 12.74,SiO2(wt%) - 71.93,K2O(wt%) - 6.16,CaO(wt%) - 6.1,TiO2(wt%) - 0.09,Fe2O3(wt%) - 1.04,MnO(ppm) - 810,CuO(ppm) - 20,ZnO(ppm) - 20,PbO2(ppm) - 0,Rb2O(ppm) - 360,SrO(ppm) - 200,Y2O3(ppm) - 30,ZrO2(ppm) - 90,P2O5(ppm) - 370",,
FLQ-12-g,Sampled from ceramic celadon glaze,UC Irvine,Chemical Composition of Ceramic Samples. (2019),2019,GLO,,,,,,,,,,,,,"Na2O(wt%) - 1.29,MgO(wt%) - 0.32,Al2O3(wt%) - 12.83,SiO2(wt%) - 68.81,K2O(wt%) - 5.8,CaO(wt%) - 7.92,TiO2(wt%) - 0.07,Fe2O3(wt%) - 1.97,MnO(ppm) - 680,CuO(ppm) - 30,ZnO(ppm) - 40,PbO2(ppm) - 20,Rb2O(ppm) - 340,SrO(ppm) - 210,Y2O3(ppm) - 40,ZrO2(ppm) - 70,P2O5(ppm) - 540",,
FLQ-13-g,Sampled from ceramic celadon glaze,UC Irvine,Chemical Composition of Ceramic Samples. (2019),2019,GLO,,,,,,,,,,,,,"Na2O(wt%) - 1.27,MgO(wt%) - 0.54,Al2O3(wt%) - 13.01,SiO2(wt%) - 73.11,K2O(wt%) - 5.46,CaO(wt%) - 4.12,TiO2(wt%) - 0.13,Fe2O3(wt%) - 1.36,MnO(ppm) - 660,CuO(ppm) - 10,ZnO(ppm) - 40,PbO2(ppm) - 20,Rb2O(ppm) - 400,SrO(ppm) - 160,Y2O3(ppm) - 30,ZrO2(ppm) - 80,P2O5(ppm) - 360",,
DY-BS-1-g,Sampled from ceramic celadon glaze,UC Irvine,Chemical Composition of Ceramic Samples. (2019),2019,GLO,,,,,,,,,,,,,"Na2O(wt%) - 0.28,MgO(wt%) - 0.52,Al2O3(wt%) - 14.76,SiO2(wt%) - 68.65,K2O(wt%) - 3.63,CaO(wt%) - 10.46,TiO2(wt%) - 0.07,Fe2O3(wt%) - 0.64,MnO(ppm) - 2000,CuO(ppm) - 30,ZnO(ppm) - 120,PbO2(ppm) - 100,Rb2O(ppm) - 210,SrO(ppm) - 570,Y2O3(ppm) - 50,ZrO2(ppm) - 140,P2O5(ppm) - 880",,
DY-BS-2-g,Sampled from ceramic celadon glaze,UC Irvine,Chemical Composition of Ceramic Samples. (2019),2019,GLO,,,,,,,,,,,,,"Na2O(wt%) - 0.34,MgO(wt%) - 0.97,Al2O3(wt%) - 13.76,SiO2(wt%) - 65.53,K2O(wt%) - 3.57,CaO(wt%) - 13.69,TiO2(wt%) - 0.06,Fe2O3(wt%) - 1.07,MnO(ppm) - 2190,CuO(ppm) - 20,ZnO(ppm) - 70,PbO2(ppm) - 20,Rb2O(ppm) - 180,SrO(ppm) - 780,Y2O3(ppm) - 50,ZrO2(ppm) - 150,P2O5(ppm) - 1480",,
DY-BS-3-g,Sampled from ceramic celadon glaze,UC Irvine,Chemical Composition of Ceramic Samples. (2019),2019,GLO,,,,,,,,,,,,,"Na2O(wt%) - 0.5,MgO(wt%) - 0.66,Al2O3(wt%) - 11.3,SiO2(wt%) - 69.9,K2O(wt%) - 3.88,CaO(wt%) - 11.72,TiO2(wt%) - 0.06,Fe2O3(wt%) - 0.98,MnO(ppm) - 1270,CuO(ppm) - 30,ZnO(ppm) - 130,PbO2(ppm) - 20,Rb2O(ppm) - 220,SrO(ppm) - 680,Y2O3(ppm) - 40,ZrO2(ppm) - 130,P2O5(ppm) - 1060",,
DY-BS-4-g,Sampled from ceramic celadon glaze,UC Irvine,Chemical Composition of Ceramic Samples. (2019),2019,GLO,,,,,,,,,,,,,"Na2O(wt%) - 0.51,MgO(wt%) - 0.4,Al2O3(wt%) - 13.54,SiO2(wt%) - 71.35,K2O(wt%) - 4.14,CaO(wt%) - 8.21,TiO2(wt%) - 0.07,Fe2O3(wt%) - 0.78,MnO(ppm) - 910,CuO(ppm) - 20,ZnO(ppm) - 120,PbO2(ppm) - 30,Rb2O(ppm) - 190,SrO(ppm) - 630,Y2O3(ppm) - 20,ZrO2(ppm) - 150,P2O5(ppm) - 590",,
DY-BS-5-g,Sampled from ceramic celadon glaze,UC Irvine,Chemical Composition of Ceramic Samples. (2019),2019,GLO,,,,,,,,,,,,,"Na2O(wt%) - 0.14,MgO(wt%) - 0.5,Al2O3(wt%) - 14.15,SiO2(wt%) - 68.91,K2O(wt%) - 5.1,CaO(wt%) - 9.21,TiO2(wt%) - 0.08,Fe2O3(wt%) - 0.91,MnO(ppm) - 1410,CuO(ppm) - 10,ZnO(ppm) - 50,PbO2(ppm) - 30,Rb2O(ppm) - 250,SrO(ppm) - 660,Y2O3(ppm) - 40,ZrO2(ppm) - 140,P2O5(ppm) - 880",,
DY-BS-6-g,Sampled from ceramic celadon glaze,UC Irvine,Chemical Composition of Ceramic Samples. (2019),2019,GLO,,,,,,,,,,,,,"Na2O(wt%) - 0.38,MgO(wt%) - 1.04,Al2O3(wt%) - 12.37,SiO2(wt%) - 67.7,K2O(wt%) - 3.89,CaO(wt%) - 12.17,TiO2(wt%) - 0.07,Fe2O3(wt%) - 1.38,MnO(ppm) - 1830,CuO(ppm) - 40,ZnO(ppm) - 140,PbO2(ppm) - 30,Rb2O(ppm) - 230,SrO(ppm) - 540,Y2O3(ppm) - 50,ZrO2(ppm) - 170,P2O5(ppm) - 850",,
DY-BS-7-g,Sampled from ceramic celadon glaze,UC Irvine,Chemical Composition of Ceramic Samples. (2019),2019,GLO,,,,,,,,,,,,,"Na2O(wt%) - 0.25,MgO(wt%) - 0.47,Al2O3(wt%) - 14.09,SiO2(wt%) - 68.46,K2O(wt%) - 4.71,CaO(wt%) - 9.81,TiO2(wt%) - 0.07,Fe2O3(wt%) - 1.14,MnO(ppm) - 1460,CuO(ppm) - 10,ZnO(ppm) - 100,PbO2(ppm) - 20,Rb2O(ppm) - 270,SrO(ppm) - 610,Y2O3(ppm) - 50,ZrO2(ppm) - 170,P2O5(ppm) - 900",,
DY-NS-1-g,Sampled from ceramic celadon glaze,UC Irvine,Chemical Composition of Ceramic Samples. (2019),2019,GLO,,,,,,,,,,,,,"Na2O(wt%) - 0.2,MgO(wt%) - 0.53,Al2O3(wt%) - 12.83,SiO2(wt%) - 72.24,K2O(wt%) - 5.03,CaO(wt%) - 6.92,TiO2(wt%) - 0.07,Fe2O3(wt%) - 1.18,MnO(ppm) - 950,CuO(ppm) - 10,ZnO(ppm) - 50,PbO2(ppm) - 10,Rb2O(ppm) - 250,SrO(ppm) - 520,Y2O3(ppm) - 40,ZrO2(ppm) - 130,P2O5(ppm) - 650",,
DY-NS-2-g,Sampled from ceramic celadon glaze,UC Irvine,Chemical Composition of Ceramic Samples. (2019),2019,GLO,,,,,,,,,,,,,"Na2O(wt%) - 0.19,MgO(wt%) - 0.57,Al2O3(wt%) - 13.61,SiO2(wt%) - 70.06,K2O(wt%) - 4.7,CaO(wt%) - 9.14,TiO2(wt%) - 0.07,Fe2O3(wt%) - 0.66,MnO(ppm) - 640,CuO(ppm) - 20,ZnO(ppm) - 70,PbO2(ppm) - 0,Rb2O(ppm) - 220,SrO(ppm) - 640,Y2O3(ppm) - 30,ZrO2(ppm) - 160,P2O5(ppm) - 840",,
DY-NS-3-g,Sampled from ceramic celadon glaze,UC Irvine,Chemical Composition of Ceramic Samples. (2019),2019,GLO,,,,,,,,,,,,,"Na2O(wt%) - 0.69,MgO(wt%) - 0.35,Al2O3(wt%) - 13.86,SiO2(wt%) - 71.38,K2O(wt%) - 4.94,CaO(wt%) - 6.71,TiO2(wt%) - 0.16,Fe2O3(wt%) - 0.91,MnO(ppm) - 770,CuO(ppm) - 30,ZnO(ppm) - 120,PbO2(ppm) - 60,Rb2O(ppm) - 230,SrO(ppm) - 460,Y2O3(ppm) - 40,ZrO2(ppm) - 140,P2O5(ppm) - 510",,
DY-NS-4-g,Sampled from ceramic celadon glaze,UC Irvine,Chemical Composition of Ceramic Samples. (2019),2019,GLO,,,,,,,,,,,,,"Na2O(wt%) - 0.65,MgO(wt%) - 0.78,Al2O3(wt%) - 13.81,SiO2(wt%) - 70.37,K2O(wt%) - 5.91,CaO(wt%) - 6.14,TiO2(wt%) - 0.08,Fe2O3(wt%) - 1.27,MnO(ppm) - 1500,CuO(ppm) - 30,ZnO(ppm) - 110,PbO2(ppm) - 30,Rb2O(ppm) - 290,SrO(ppm) - 490,Y2O3(ppm) - 30,ZrO2(ppm) - 110,P2O5(ppm) - 720",,
DY-NS-5-g,Sampled from ceramic celadon glaze,UC Irvine,Chemical Composition of Ceramic Samples. (2019),2019,GLO,,,,,,,,,,,,,"Na2O(wt%) - 0.03,MgO(wt%) - 1.01,Al2O3(wt%) - 13.05,SiO2(wt%) - 72.28,K2O(wt%) - 5.56,CaO(wt%) - 5.77,TiO2(wt%) - 0.07,Fe2O3(wt%) - 1.24,MnO(ppm) - 1750,CuO(ppm) - 20,ZnO(ppm) - 150,PbO2(ppm) - 30,Rb2O(ppm) - 270,SrO(ppm) - 330,Y2O3(ppm) - 30,ZrO2(ppm) - 130,P2O5(ppm) - 960",,
DY-NS-6-g,Sampled from ceramic celadon glaze,UC Irvine,Chemical Composition of Ceramic Samples. (2019),2019,GLO,,,,,,,,,,,,,"Na2O(wt%) - 0.61,MgO(wt%) - 0.35,Al2O3(wt%) - 12.73,SiO2(wt%) - 71.6,K2O(wt%) - 5.79,CaO(wt%) - 6.96,TiO2(wt%) - 0.07,Fe2O3(wt%) - 0.88,MnO(ppm) - 1740,CuO(ppm) - 40,ZnO(ppm) - 140,PbO2(ppm) - 70,Rb2O(ppm) - 240,SrO(ppm) - 550,Y2O3(ppm) - 40,ZrO2(ppm) - 120,P2O5(ppm) - 540",,
DY-NS-7-g,Sampled from ceramic celadon glaze,UC Irvine,Chemical Composition of Ceramic Samples. (2019),2019,GLO,,,,,,,,,,,,,"Na2O(wt%) - 0.03,MgO(wt%) - 0.54,Al2O3(wt%) - 13.97,SiO2(wt%) - 67.3,K2O(wt%) - 3.56,CaO(wt%) - 12.53,TiO2(wt%) - 0.1,Fe2O3(wt%) - 0.97,MnO(ppm) - 1340,CuO(ppm) - 40,ZnO(ppm) - 70,PbO2(ppm) - 30,Rb2O(ppm) - 180,SrO(ppm) - 690,Y2O3(ppm) - 40,ZrO2(ppm) - 170,P2O5(ppm) - 1030",,
DY-NS-8-g,Sampled from ceramic celadon glaze,UC Irvine,Chemical Composition of Ceramic Samples. (2019),2019,GLO,,,,,,,,,,,,,"Na2O(wt%) - 0.31,MgO(wt%) - 0.53,Al2O3(wt%) - 14.63,SiO2(wt%) - 68.22,K2O(wt%) - 3.6,CaO(wt%) - 11.06,TiO2(wt%) - 0.06,Fe2O3(wt%) - 0.58,MnO(ppm) - 1950,CuO(ppm) - 40,ZnO(ppm) - 230,PbO2(ppm) - 80,Rb2O(ppm) - 180,SrO(ppm) - 700,Y2O3(ppm) - 30,ZrO2(ppm) - 150,P2O5(ppm) - 1030",,
DY-Y-1-g,Sampled from ceramic celadon glaze,UC Irvine,Chemical Composition of Ceramic Samples. (2019),2019,GLO,,,,,,,,,,,,,"Na2O(wt%) - 0.25,MgO(wt%) - 0.5,Al2O3(wt%) - 12.93,SiO2(wt%) - 71.59,K2O(wt%) - 5.5,CaO(wt%) - 6.99,TiO2(wt%) - 0.06,Fe2O3(wt%) - 1.18,MnO(ppm) - 1290,CuO(ppm) - 20,ZnO(ppm) - 90,PbO2(ppm) - 40,Rb2O(ppm) - 250,SrO(ppm) - 520,Y2O3(ppm) - 40,ZrO2(ppm) - 120,P2O5(ppm) - 510",,
DY-Y-2-g,Sampled from ceramic celadon glaze,UC Irvine,Chemical Composition of Ceramic Samples. (2019),2019,GLO,,,,,,,,,,,,,"Na2O(wt%) - 0.11,MgO(wt%) - 0.32,Al2O3(wt%) - 11.33,SiO2(wt%) - 75.95,K2O(wt%) - 5.87,CaO(wt%) - 4.37,TiO2(wt%) - 0.09,Fe2O3(wt%) - 0.96,MnO(ppm) - 1600,CuO(ppm) - 50,ZnO(ppm) - 200,PbO2(ppm) - 50,Rb2O(ppm) - 300,SrO(ppm) - 300,Y2O3(ppm) - 30,ZrO2(ppm) - 120,P2O5(ppm) - 400",,
DY-Y-3-g,Sampled from ceramic celadon glaze,UC Irvine,Chemical Composition of Ceramic Samples. (2019),2019,GLO,,,,,,,,,,,,,"Na2O(wt%) - 0.24,MgO(wt%) - 0.39,Al2O3(wt%) - 12.64,SiO2(wt%) - 74.08,K2O(wt%) - 5.11,CaO(wt%) - 5.76,TiO2(wt%) - 0.08,Fe2O3(wt%) - 0.71,MnO(ppm) - 620,CuO(ppm) - 40,ZnO(ppm) - 100,PbO2(ppm) - 30,Rb2O(ppm) - 250,SrO(ppm) - 610,Y2O3(ppm) - 30,ZrO2(ppm) - 150,P2O5(ppm) - 380",,
DY-Y-4-g,Sampled from ceramic celadon glaze,UC Irvine,Chemical Composition of Ceramic Samples. (2019),2019,GLO,,,,,,,,,,,,,"Na2O(wt%) - 0.15,MgO(wt%) - 0.33,Al2O3(wt%) - 13.14,SiO2(wt%) - 73.76,K2O(wt%) - 4.87,CaO(wt%) - 6.03,TiO2(wt%) - 0.05,Fe2O3(wt%) - 0.68,MnO(ppm) - 700,CuO(ppm) - 20,ZnO(ppm) - 110,PbO2(ppm) - 0,Rb2O(ppm) - 220,SrO(ppm) - 560,Y2O3(ppm) - 30,ZrO2(ppm) - 150,P2O5(ppm) - 380",,
DY-Y-5-g,Sampled from ceramic celadon glaze,UC Irvine,Chemical Composition of Ceramic Samples. (2019),2019,GLO,,,,,,,,,,,,,"Na2O(wt%) - 1,MgO(wt%) - 0.52,Al2O3(wt%) - 13.7,SiO2(wt%) - 70.52,K2O(wt%) - 6.74,CaO(wt%) - 5.34,TiO2(wt%) - 0.05,Fe2O3(wt%) - 1.11,MnO(ppm) - 1510,CuO(ppm) - 70,ZnO(ppm) - 140,PbO2(ppm) - 50,Rb2O(ppm) - 320,SrO(ppm) - 610,Y2O3(ppm) - 30,ZrO2(ppm) - 120,P2O5(ppm) - 490",,
DY-Y-6-g,Sampled from ceramic celadon glaze,UC Irvine,Chemical Composition of Ceramic Samples. (2019),2019,GLO,,,,,,,,,,,,,"Na2O(wt%) - 0.66,MgO(wt%) - 0.53,Al2O3(wt%) - 12.95,SiO2(wt%) - 72.16,K2O(wt%) - 6.57,CaO(wt%) - 4.29,TiO2(wt%) - 0.14,Fe2O3(wt%) - 1.69,MnO(ppm) - 2250,CuO(ppm) - 50,ZnO(ppm) - 90,PbO2(ppm) - 60,Rb2O(ppm) - 280,SrO(ppm) - 400,Y2O3(ppm) - 40,ZrO2(ppm) - 110,P2O5(ppm) - 480",,
DY-Y-7-g,Sampled from ceramic celadon glaze,UC Irvine,Chemical Composition of Ceramic Samples. (2019),2019,GLO,,,,,,,,,,,,,"Na2O(wt%) - 0.32,MgO(wt%) - 0.58,Al2O3(wt%) - 12.89,SiO2(wt%) - 70.6,K2O(wt%) - 4.27,CaO(wt%) - 8.7,TiO2(wt%) - 0.05,Fe2O3(wt%) - 1.61,MnO(ppm) - 880,CuO(ppm) - 20,ZnO(ppm) - 70,PbO2(ppm) - 0,Rb2O(ppm) - 230,SrO(ppm) - 470,Y2O3(ppm) - 30,ZrO2(ppm) - 130,P2O5(ppm) - 900",,
DY-Y-8-g,Sampled from ceramic celadon glaze,UC Irvine,Chemical Composition of Ceramic Samples. (2019),2019,GLO,,,,,,,,,,,,,"Na2O(wt%) - 0.71,MgO(wt%) - 0.57,Al2O3(wt%) - 11.61,SiO2(wt%) - 71.04,K2O(wt%) - 5.31,CaO(wt%) - 8.13,TiO2(wt%) - 0.06,Fe2O3(wt%) - 1.58,MnO(ppm) - 2450,CuO(ppm) - 40,ZnO(ppm) - 150,PbO2(ppm) - 20,Rb2O(ppm) - 240,SrO(ppm) - 480,Y2O3(ppm) - 40,ZrO2(ppm) - 170,P2O5(ppm) - 780",,
DY-Y-9-g,Sampled from ceramic celadon glaze,UC Irvine,Chemical Composition of Ceramic Samples. (2019),2019,GLO,,,,,,,,,,,,,"Na2O(wt%) - 0.4,MgO(wt%) - 0.47,Al2O3(wt%) - 14.38,SiO2(wt%) - 66.59,K2O(wt%) - 4.16,CaO(wt%) - 12.16,TiO2(wt%) - 0.07,Fe2O3(wt%) - 0.77,MnO(ppm) - 870,CuO(ppm) - 0,ZnO(ppm) - 80,PbO2(ppm) - 30,Rb2O(ppm) - 210,SrO(ppm) - 650,Y2O3(ppm) - 40,ZrO2(ppm) - 140,P2O5(ppm) - 1160",,
DY-M-1-g,Sampled from ceramic celadon glaze,UC Irvine,Chemical Composition of Ceramic Samples. (2019),2019,GLO,,,,,,,,,,,,,"Na2O(wt%) - 0.03,MgO(wt%) - 1.32,Al2O3(wt%) - 13.55,SiO2(wt%) - 67.66,K2O(wt%) - 5.41,CaO(wt%) - 8.91,TiO2(wt%) - 0.11,Fe2O3(wt%) - 2,MnO(ppm) - 2970,CuO(ppm) - 60,ZnO(ppm) - 180,PbO2(ppm) - 90,Rb2O(ppm) - 220,SrO(ppm) - 650,Y2O3(ppm) - 30,ZrO2(ppm) - 100,P2O5(ppm) - 1590",,
DY-M-2-g,Sampled from ceramic celadon glaze,UC Irvine,Chemical Composition of Ceramic Samples. (2019),2019,GLO,,,,,,,,,,,,,"Na2O(wt%) - 0.37,MgO(wt%) - 0.47,Al2O3(wt%) - 13.56,SiO2(wt%) - 72.77,K2O(wt%) - 6.54,CaO(wt%) - 4.12,TiO2(wt%) - 0.08,Fe2O3(wt%) - 1.09,MnO(ppm) - 2560,CuO(ppm) - 20,ZnO(ppm) - 80,PbO2(ppm) - 10,Rb2O(ppm) - 290,SrO(ppm) - 640,Y2O3(ppm) - 40,ZrO2(ppm) - 130,P2O5(ppm) - 410",,
DY-M-3-g,Sampled from ceramic celadon glaze,UC Irvine,Chemical Composition of Ceramic Samples. (2019),2019,GLO,,,,,,,,,,,,,"Na2O(wt%) - 0.34,MgO(wt%) - 0.55,Al2O3(wt%) - 12.37,SiO2(wt%) - 70.7,K2O(wt%) - 5.33,CaO(wt%) - 8.06,TiO2(wt%) - 0.06,Fe2O3(wt%) - 1.61,MnO(ppm) - 1250,CuO(ppm) - 10,ZnO(ppm) - 90,PbO2(ppm) - 30,Rb2O(ppm) - 250,SrO(ppm) - 520,Y2O3(ppm) - 30,ZrO2(ppm) - 140,P2O5(ppm) - 690",,
DY-QC-1-g,Sampled from ceramic celadon glaze,UC Irvine,Chemical Composition of Ceramic Samples. (2019),2019,GLO,,,,,,,,,,,,,"Na2O(wt%) - 0.72,MgO(wt%) - 0.34,Al2O3(wt%) - 12.2,SiO2(wt%) - 72.19,K2O(wt%) - 6.19,CaO(wt%) - 6.06,TiO2(wt%) - 0.04,Fe2O3(wt%) - 1.27,MnO(ppm) - 1700,CuO(ppm) - 60,ZnO(ppm) - 110,PbO2(ppm) - 10,Rb2O(ppm) - 270,SrO(ppm) - 540,Y2O3(ppm) - 40,ZrO2(ppm) - 120,P2O5(ppm) - 630",,
DY-QC-2-g,Sampled from ceramic celadon glaze,UC Irvine,Chemical Composition of Ceramic Samples. (2019),2019,GLO,,,,,,,,,,,,,"Na2O(wt%) - 0.23,MgO(wt%) - 0.24,Al2O3(wt%) - 12.99,SiO2(wt%) - 71.81,K2O(wt%) - 5.25,CaO(wt%) - 7.15,TiO2(wt%) - 0.05,Fe2O3(wt%) - 1.29,MnO(ppm) - 750,CuO(ppm) - 40,ZnO(ppm) - 100,PbO2(ppm) - 0,Rb2O(ppm) - 240,SrO(ppm) - 470,Y2O3(ppm) - 40,ZrO2(ppm) - 120,P2O5(ppm) - 480",,
DY-QC-3-g,Sampled from ceramic celadon glaze,UC Irvine,Chemical Composition of Ceramic Samples. (2019),2019,GLO,,,,,,,,,,,,,"Na2O(wt%) - 0.14,MgO(wt%) - 0.46,Al2O3(wt%) - 12.62,SiO2(wt%) - 69.16,K2O(wt%) - 4.34,CaO(wt%) - 11.03,TiO2(wt%) - 0.05,Fe2O3(wt%) - 1.2,MnO(ppm) - 920,CuO(ppm) - 40,ZnO(ppm) - 90,PbO2(ppm) - 20,Rb2O(ppm) - 230,SrO(ppm) - 470,Y2O3(ppm) - 40,ZrO2(ppm) - 130,P2O5(ppm) - 1100",,
DY-QC-4-g,Sampled from ceramic celadon glaze,UC Irvine,Chemical Composition of Ceramic Samples. (2019),2019,GLO,,,,,,,,,,,,,"Na2O(wt%) - 0.14,MgO(wt%) - 0.63,Al2O3(wt%) - 14.25,SiO2(wt%) - 71.55,K2O(wt%) - 4.87,CaO(wt%) - 6.43,TiO2(wt%) - 0.08,Fe2O3(wt%) - 1.05,MnO(ppm) - 800,CuO(ppm) - 40,ZnO(ppm) - 90,PbO2(ppm) - 20,Rb2O(ppm) - 220,SrO(ppm) - 410,Y2O3(ppm) - 40,ZrO2(ppm) - 110,P2O5(ppm) - 690",,
