Input string,Mapped name,Mapped code,Quarantine?
africa,Africa,AFRICA,c
asia oceania,Asia and Oceania,UN-ASIA/UN-OCEANIA,c
central south america,Central America,UN-CAMERICA,c
former czechoslovakia,Czechoslovakia,CSHH,c
eurasia,Europe and Asia,RER/RAS,c
europe,Europe,RER,c
hawaiian trade zone,"India, Himachal Pradesh",IN-HP,x
middle east,Middle East,RME,c
north america,Northern America,RNA,c
non oecd,non-oecd, non-OECD,c
oecd asia and oceania,OECD Asia and OECD Oceania, OECD-AS/OECD-OC,c
oecd europe, OECD Europe,OECD-EU,c
oecd north america,OECD North America, OECD-NA,c
opec africa,"OPEC Africa",OPEC-AF,c
non opec,non OPEC, non-OPEC,c
opec south america,"OPEC South America",OPEC-SA,
persian gulf,Persian Gulf,Persian Gulf,c
former serbia and montenegro,Serbia and Montenegro,CS,c
former u s s r, Soviet Union,SUHH,c
u s pacific islands,Cook Islands,CK,x
u s territories,"Australia, Indian Ocean Territories",AU-IOT,x
saint vincent grenadines,Saint Vincent and the Grenadines,VC,c
wake island, Wake Island,UM-79,c
world,Global,GLO,c
australia and new zealand,Australia and New Zealand,UN-AUSTRALIANZ,c
ieo africa,Africa,RAF,x
ieo middle east,Middle East,RME,x
ieo oecd europe,Europe,RER,x
other non oecd america,OECD, OECD,x
other non oecd asia,Asia,RAS,x
other non oecd europe and eurasia,Europe,RER,x
south korea and other oecd asia,South Korea,KR,x
former yugoslavia,Yugoslavia,YUCS,c
