Input string,Mapped name,Mapped code,Quarantine?
africa,Northern Africa,UN-NAFRICA,
asia oceania,Oceania,UN-OCEANIA,
central south america,South America,UN-SAMERICA,
former czechoslovakia,Slovakia,SK,
eurasia,Asia,RAS,
europe,Rest of Europe,RoE,
hawaiian trade zone,"India, Himachal Pradesh",IN-HP,
middle east,Middle East,RME,
north america,"United States of America, North Dakota",US-ND,
non oecd,OECD, OECD,
oecd asia and oceania,Oceania,UN-OCEANIA,
oecd europe,Europe,RER,
oecd north america,OECD, OECD,
opec africa,Africa,RAF,
non opec,OECD, OECD,
opec south america,South America,UN-SAMERICA,
persian gulf,Siachen Glacier,Siachen Glacier,
former serbia and montenegro,Serbia,RS,
former u s s r,South Korea,KR,
u s pacific islands,Cook Islands,CK,
u s territories,"Australia, Indian Ocean Territories",AU-IOT,
saint vincent grenadines,Saint Vincent and the Grenadines,VC,
wake island,Clipperton Island,Clipperton Island,
world,Rest-of-World,RoW,
australia and new zealand,Australia,AU,
ieo africa,Africa,RAF,
ieo middle east,Middle East,RME,
ieo oecd europe,Europe,RER,
other non oecd america,OECD, OECD,
other non oecd asia,Asia,RAS,
other non oecd europe and eurasia,Europe,RER,
south korea and other oecd asia,South Korea,KR,
former yugoslavia,French Polynesia,PF,
