Input string,Mapped name,Mapped code,Quarantine?
southern africa,Southern Africa,UN-SAFRICA,c
europe,Europe,RER,c
south america,South America,UN-SAMERICA,c
china taiwan province of,Taiwan,TW,c
ethiopia pdr,Ethiopia,ET,c
sudan former,Sudan,SD,c
southern asia,Southern Asia,SAS,c
belgium luxembourg,Belgium and Luxembourg,BE/LU,c
eastern asia,Eastern Asia,UN-EASIA,c
southern europe,Southern Europe,UN-SEUROPE,c
northern africa,Northern Africa,UN-NAFRICA,c
western europe,Western Europe,WEU,c
australia new zealand,Australia and New Zealand,UN-AUSTRALIANZ,c
northern america,Northern America,RNA,c
americas,Americas,UN-AMERICAS,c
melanesia,Melanesia,UN-MELANESIA,c
western asia,Western Asia,UN-WASIA,c
least developed countries,Nordic Countries Power Association,NORDEL,x
non annex i countries,Nordic Countries Power Association,NORDEL,x
middle africa,Middle Africa,UN-MAFRICA,c
eastern africa,Eastern Africa,UN-EAFRICA,c
land locked developing countries,Nordic Countries Power Association,NORDEL,x
northern europe,Northern Europe,UN-NEUROPE,c
south eastern asia,South-Eastern Asia,UN-SEASIA,c
low income food deficit countries,Nordic Countries Power Association,NORDEL,x
central asia,Central Asia,Central Asia,c
polynesia,Polynesia,UN-POLYNESIA,c
oecd,Organisation for Economic Co-operation and Development Nations,OECD,c
oceania,Oceania,UN-OCEANIA,c
small island developing states,Bouvet Island,BV,x
central america,Central America,UN-CAMERICA,c
world,Global,GLO,c
net food importing developing countries,Nordic Countries Power Association,NORDEL,x
western africa,Western Africa,UN-WAFRICA,c
eastern europe,Eastern Europe,UN-EEUROPE,c
pacific islands trust territory,Cook Islands,CK,x
china hong kong sar,Hong Kong S.A.R.,HR,c
caribbean,Carribean,UN-CARIBBEAN,c
yugoslav sfr,Yugoslavia,YUG,c
french guyana,French Guiana,GF,c
european union 27,Central European Power Association,CENTREL,x
