Input string,Mapped name,Mapped code,Quarantine?
southern africa,Southern Africa,UN-SAFRICA,
europe,Rest of Europe,RoE,
south america,"IAI Area, South America","IAI Area, South America",
china taiwan province of,Taiwan,TW,
ethiopia pdr,Ethiopia,ET,
sudan former,Sudan,SD,
southern asia,Southern Asia,SAS,
belgium luxembourg,Luxembourg,LU,
eastern asia,Eastern Asia,UN-EASIA,
southern europe,Southern Europe,UN-SEUROPE,
northern africa,Northern Africa,UN-NAFRICA,
western europe,Western Europe,WEU,
australia new zealand,Australia,AU,
northern america,Northern America,RNA,
americas,Americas,UN-AMERICAS,
melanesia,Melanesia,UN-MELANESIA,
western asia,Western Asia,UN-WASIA,
least developed countries,Nordic Countries Power Association,NORDEL,
non annex i countries,Nordic Countries Power Association,NORDEL,
middle africa,Middle Africa,UN-MAFRICA,
eastern africa,Eastern Africa,UN-EAFRICA,
land locked developing countries,Nordic Countries Power Association,NORDEL,
northern europe,Northern Europe,UN-NEUROPE,
south eastern asia,Eastern Asia,UN-EASIA,
low income food deficit countries,Nordic Countries Power Association,NORDEL,
central asia,Central Asia,Central Asia,
polynesia,Polynesia,UN-POLYNESIA,
oecd,Ecuador,EC,
oceania,Oceania,UN-OCEANIA,
small island developing states,Bouvet Island,BV,
central america,Central America,UN-CAMERICA,
world,Rest-of-World,RoW,
net food importing developing countries,Nordic Countries Power Association,NORDEL,
western africa,Western Africa,UN-WAFRICA,
eastern europe,Eastern Europe,UN-EEUROPE,
pacific islands trust territory,Cook Islands,CK,
china hong kong sar,China,CN,
caribbean,Latin America and the Caribbean,RLA,
yugoslav sfr,Faroe Islands,FO,
french guyana,Guyana,GY,
european union 27,Central European Power Association,CENTREL,
