Name,Description,Source Organization,Source,Date,Country of Applicability,Other,"Composition, Parameters/Conditions",Valid until,PCR title & Number,Functional Unit,Excluded Lifecycle Stages,Environmental Parameters/Impact Categories Included,HS Codes,Unit,Value,Link to EPD,EPD registration number,Composition items list,Equation,Primary Product
Mg-Zn-Ho,Extrusion(230 degree C),CITIC Dicastal,www.dicastal.com/en/,2018,Global,,Percentage(%),,,,,,,,,,,"{'Mg': '93', 'Zn': 6.0, 'Ho': 1.0}",,
Mg-Zn-Ho,Extrusion(210 degree C),CITIC Dicastal,www.dicastal.com/en/,2019,Global,,Percentage(%),,,,,,,,,,,"{'Mg': '96.9', 'Zn': 2.7, 'Ho': 1.4}",,
AZ61-A2,Extrusion,CITIC Dicastal,www.dicastal.com/en/,2021,Global,,Percentage(%),,,,,,,,,,,"{'Mg': '92.23', 'Al': 6.76, 'Zn': 0.74, 'Mn': 0.22, 'Si': 0.04}",,
AZ80-39,Extrusion,CITIC Dicastal,www.dicastal.com/en/,2018,Global,,Percentage(%),,,,,,,,,,,"{'Mg': '90.66', 'Al': 8.4, 'Zn': 0.6, 'Mn': 0.3, 'Si': 0.03}",,
AZ31B-L,Extrusion,CITIC Dicastal,www.dicastal.com/en/,2020,Global,,Percentage(%),,,,,,,,,,,"{'Mg': '96.28', 'Al': 2.8, 'Zn': 0.6, 'Mn': 0.32}",,
AZ61A1-L,Extrusion,CITIC Dicastal,www.dicastal.com/en/,2021,Global,,Percentage(%),,,,,,,,,,,"{'Mg': '93.31', 'Al': 5.8, 'Zn': 0.6, 'Mn': 0.29}",,
AZ31(R 10),Extrusion,CITIC Dicastal,www.dicastal.com/en/,2018,Global,,Percentage(%),,,,,,,,,,,"{'Mg': '95.87', 'Al': 2.95, 'Zn': 0.83, 'Mn': 0.32, 'Si': 0.02}",,
AZ31(R 100),Extrusion,CITIC Dicastal,www.dicastal.com/en/,2019,Global,,Percentage(%),,,,,,,,,,,"{'Mg': '95.87', 'Al': 2.95, 'Zn': 0.83, 'Mn': 0.32, 'Si': 0.02}",,
Mg-Gd-Y-Zr,Extrusion,CITIC Dicastal,www.dicastal.com/en/,2021,Global,,Percentage(%),,,,,,,,,,,"{'Mg': '86.5', 'Zn': 0.5, 'Y': 3.0, 'Gd': 10.0}",,
Mg -Zn-Gd,Extrusion,CITIC Dicastal,www.dicastal.com/en/,2018,Global,,Percentage(%),,,,,,,,,,,"{'Mg': '95.9', 'Zn': 3.5, 'Gd': 0.6}",,
LAZ1010,Extrusion,CITIC Dicastal,www.dicastal.com/en/,2020,Global,,Percentage(%),,,,,,,,,,,"{'Mg': '88.35', 'Al': 0.95, 'Zn': 0.43, 'Li': 10.27}",,
Mg-Zn-Y-Zr(Alloy 2) (300 C),Extrusion (300 C),CITIC Dicastal,www.dicastal.com/en/,2021,Global,,Percentage(%),,,,,,,,,,,"{'Mg': '92.7', 'Zn': 5.53, 'Zr': 0.42, 'Y': 1.35}",,
Mg-Zn-Y-Zr(Alloy 1) (300 C),Extrusion (300 C),CITIC Dicastal,www.dicastal.com/en/,2017,Global,,Percentage(%),,,,,,,,,,,"{'Mg': '93.33', 'Zn': 5.54, 'Zr': 0.42, 'Y': 0.74}",,
Mg-Zn-Y-Zr(Alloy 3) (300 C),Extrusion (300 C),CITIC Dicastal,www.dicastal.com/en/,2021,Global,,Percentage(%),,,,,,,,,,,"{'Mg': '92.36', 'Zn': 5.55, 'Zr': 0.37, 'Y': 1.72}",,
Mg-Zn-Ca (583 K),Extrusion,CITIC Dicastal,www.dicastal.com/en/,2018,Global,,Percentage(%),,,,,,,,,,,"{'Mg': '98.5', 'Zn': 1.0, 'Ca': 0.5}",,
Mg-Zn-Y,Extrusion,CITIC Dicastal,www.dicastal.com/en/,2020,Global,,Percentage(%),,,,,,,,,,,"{'Mg': '96', 'Zn': 2.0, 'Y': 2.0}",,
Mg-Gd-Y-Zn-Zr (1),Hot Extrusion,CITIC Dicastal,www.dicastal.com/en/,2021,Global,,Percentage(%),,,,,,,,,,,"{'Mg': '95.5', 'Zn': 0.7, 'Zr': 0.2, 'Y': 1.8, 'Gd': 1.8}",,
Mg-Zn-Y (1),Extrusion,CITIC Dicastal,www.dicastal.com/en/,2018,Global,,Percentage(%),,,,,,,,,,,"{'Mg': '97', 'Zn': 1.0, 'Y': 2.0}",,
Mg-Sn-Zn-Mn,Extrusion,CITIC Dicastal,www.dicastal.com/en/,2019,Global,,Percentage(%),,,,,,,,,,,"{'Mg': '96.8', 'Zn': 1.0, 'Mn': 0.1, 'Sn': 2.1}",,
Mg-Ca-Zn(1),Extrusion,CITIC Dicastal,www.dicastal.com/en/,2021,Global,,Percentage(%),,,,,,,,,,,"{'Mg': '98.2', 'Zn': 1.8, 'Ca': 1.0}",,
Mg-Zn-Tb,Extrusion,CITIC Dicastal,www.dicastal.com/en/,2018,Global,,Percentage(%),,,,,,,,,,,"{'Mg': '97', 'Zn': 2.5, 'Tb': 0.5}",,
Mg-Zn-Dy,Extrusion,CITIC Dicastal,www.dicastal.com/en/,2020,Global,,Percentage(%),,,,,,,,,,,"{'Mg': '97', 'Zn': 2.5, 'Dy': 0.5}",,
M1A,Extrusion,CITIC Dicastal,www.dicastal.com/en/,2021,Global,,Percentage(%),,,,,,,,,,,"{'Mg': '98.8', 'Mn': 1.2}",,
ZM21,Extrusion,CITIC Dicastal,www.dicastal.com/en/,2017,Global,,Percentage(%),,,,,,,,,,,"{'Mg': '97.5', 'Zn': 2.0, 'Mn': 0.5}",,
LZ111,ECAE,CITIC Dicastal,www.dicastal.com/en/,2021,Global,,Percentage(%),,,,,,,,,,,"{'Mg': '88.27', 'Al': 0.01, 'Zn': 1.02, 'Li': 10.7}",,
LZ91,ECAE,CITIC Dicastal,www.dicastal.com/en/,2018,Global,,Percentage(%),,,,,,,,,,,"{'Mg': '90.25', 'Al': 0.01, 'Zn': 0.93, 'Mn': 0.01, 'Li': 8.81}",,
LZM910,ECAE,CITIC Dicastal,www.dicastal.com/en/,2020,Global,,Percentage(%),,,,,,,,,,,"{'Mg': '90.06', 'Zn': 0.96, 'Mn': 0.16, 'Li': 8.82}",,
LZAM9110,ECAE,CITIC Dicastal,www.dicastal.com/en/,2021,Global,,Percentage(%),,,,,,,,,,,"{'Mg': '88.8', 'Al': 0.93, 'Zn': 1.05, 'Mn': 0.18, 'Li': 9.04}",,
LAZM9310,ECAE,CITIC Dicastal,www.dicastal.com/en/,2018,Global,,Percentage(%),,,,,,,,,,,"{'Mg': '86.93', 'Al': 2.82, 'Zn': 0.99, 'Mn': 0.17, 'Li': 9.09}",,
Mg-0.2Ce,Extrusion,CITIC Dicastal,www.dicastal.com/en/,2019,Global,,Percentage(%),,,,,,,,,,,"{'Mg': '99.13', 'Al': 0.01, 'Zn': 0.01, 'Mn': 0.02, 'Ce': 0.23, 'Cu': 0.01, 'Si': 0.5}",,
Mg-3Al-0.2Ce,Extrusion,CITIC Dicastal,www.dicastal.com/en/,2021,Global,,Percentage(%),,,,,,,,,,,"{'Mg': '95.49', 'Al': 3.7, 'Zn': 0.01, 'Mn': 0.02, 'Ce': 0.27, 'Cu': 0.01, 'Si': 0.5}",,
Z6,Extrusion (T5D),CITIC Dicastal,www.dicastal.com/en/,2018,Global,,Percentage(%),,,,,,,,,,,"{'Mg': '94', 'Zn': 6.0}",,
ZQ61,Extrusion (T5D),CITIC Dicastal,www.dicastal.com/en/,2020,Global,,Percentage(%),,,,,,,,,,,"{'Mg': '93', 'Zn': 6.0, 'Ag': 1.0}",,
ZQ62,Extrusion (T5D),CITIC Dicastal,www.dicastal.com/en/,2021,Global,,Percentage(%),,,,,,,,,,,"{'Mg': '92', 'Zn': 6.0, 'Ag': 2.0}",,
ZQ63,Extrusion (T5D),CITIC Dicastal,www.dicastal.com/en/,2017,Global,,Percentage(%),,,,,,,,,,,"{'Mg': '91', 'Zn': 6.0, 'Ag': 3.0}",,
Mg-Ca-Zn(2),Casting and Extrusion,CITIC Dicastal,www.dicastal.com/en/,2021,Global,,Percentage(%),,,,,,,,,,,"{'Mg': '95.5', 'Zn': 4.0, 'Ca': 0.5}",,
Mg-Gd-Y-Zr(1),Extrusion - T5,CITIC Dicastal,www.dicastal.com/en/,2018,Global,,Percentage(%),,,,,,,,,,,"{'Mg': '87.5', 'Zr': 0.5, 'Y': 2.0, 'Gd': 10.0}",,
Mg-Gd-Y-Zr(2),Extrusion(673K),CITIC Dicastal,www.dicastal.com/en/,2020,Global,,Percentage(%),,,,,,,,,,,"{'Mg': '87.5', 'Zr': 0.5, 'Y': 2.0, 'Gd': 10.0}",,
Mg-Zn-Y(2),Extrusion,CITIC Dicastal,www.dicastal.com/en/,2021,Global,,Percentage(%),,,,,,,,,,,"{'Mg': '95', 'Zn': 4.2, 'Y': 0.8}",,
Mg-Zn-Y(3),Extrusion,CITIC Dicastal,www.dicastal.com/en/,2018,Global,,Percentage(%),,,,,,,,,,,"{'Mg': '92.5', 'Zn': 6.4, 'Y': 0.9}",,
Mg-Gd-Nd-Zn-Zr,Extrusion,CITIC Dicastal,www.dicastal.com/en/,2019,Global,,Percentage(%),,,,,,,,,,,"{'Mg': '88.1', 'Zn': 0.3, 'Nd': 5.0, 'Zr': 0.6, 'Y': 2.0, 'Gd': 8.0}",,
AZ91,Extrusion,CITIC Dicastal,www.dicastal.com/en/,2021,Global,,Percentage(%),,,,,,,,,,,"{'Mg': '90.07', 'Al': 9.0, 'Zn': 0.8, 'Mn': 0.13}",,
AZ91(1),Extrusion(300K),CITIC Dicastal,www.dicastal.com/en/,2018,Global,,Percentage(%),,,,,,,,,,,"{'Mg': '90.07', 'Al': 9.0, 'Zn': 0.8, 'Mn': 0.13}",,
Mg-Li-Zn-Y,Extrusion,CITIC Dicastal,www.dicastal.com/en/,2020,Global,,Percentage(%),,,,,,,,,,,"{'Mg': '88.23', 'Zn': 3.12, 'Y': 0.61, 'Li': 8.04}",,
Mg-Li-Zn-Y(1),Extrusion,CITIC Dicastal,www.dicastal.com/en/,2021,Global,,Percentage(%),,,,,,,,,,,"{'Mg': '84.41', 'Zn': 6.47, 'Y': 1.26, 'Li': 7.86}",,
Mg-Li-Zn-Y(2),Extrusion,CITIC Dicastal,www.dicastal.com/en/,2017,Global,,Percentage(%),,,,,,,,,,,"{'Mg': '81.29', 'Zn': 9.25, 'Y': 1.79, 'Li': 7.67}",,
Mg-Al-Ca-Mn,Extrusion,CITIC Dicastal,www.dicastal.com/en/,2021,Global,,Percentage(%),,,,,,,,,,,"{'Mg': '92.8', 'Al': 3.5, 'Mn': 0.4, 'Ca': 3.3}",,
Mg-Sn-Zn-Al(1),Extrusion,CITIC Dicastal,www.dicastal.com/en/,2018,Global,,Percentage(%),,,,,,,,,,,"{'Mg': '86', 'Al': 8.0, 'Zn': 2.0, 'Sn': 4.0}",,
Mg-Gd-Er-Zr,Slow speed Extrusion,CITIC Dicastal,www.dicastal.com/en/,2020,Global,,Percentage(%),,,,,,,,,,,"{'Mg': '91.5', 'Al': 8.0, 'Zn': 0.5}",,
Mg-Gd-Zr(1),He + R,CITIC Dicastal,www.dicastal.com/en/,2021,Global,,Percentage(%),,,,,,,,,,,"{'Mg': '85.5', 'Zr': 0.5, 'Gd': 14.0}",,
Mg-Y-Gd-Zr(3),He,CITIC Dicastal,www.dicastal.com/en/,2018,Global,,Percentage(%),,,,,,,,,,,"{'Mg': '74.4', 'Gd': 25.6}",,
Mg-Gd-Y-Zn-Zr (2),Cast + T6,CITIC Dicastal,www.dicastal.com/en/,2019,Global,,Percentage(%),,,,,,,,,,,"{'Mg': '84.2', 'Zr': 0.7, 'Y': 3.8, 'Gd': 11.3}",,
Mg-Gd-Y-Zn-Zr (3),Cast + T6,CITIC Dicastal,www.dicastal.com/en/,2021,Global,,Percentage(%),,,,,,,,,,,"{'Mg': '83.6', 'Zn': 0.7, 'Zr': 0.7, 'Y': 3.8, 'Gd': 11.2}",,
Mg-Gd-Y-Zn-Zr (4),Cast + T6,CITIC Dicastal,www.dicastal.com/en/,2018,Global,,Percentage(%),,,,,,,,,,,"{'Mg': '82.1', 'Zn': 2.3, 'Zr': 0.7, 'Y': 3.8, 'Gd': 11.1}",,
Mg-Gd-Nd-Zr,Cast + T6,CITIC Dicastal,www.dicastal.com/en/,2020,Global,,Percentage(%),,,,,,,,,,,"{'Mg': '82.62', 'Zn': 1.69, 'Zr': 0.49, 'Y': 4.1, 'Gd': 11.1}",,
Mg-Gd-Ag-Zr,Cast + T6,CITIC Dicastal,www.dicastal.com/en/,2021,Global,,Percentage(%),,,,,,,,,,,"{'Mg': '86.5', 'Nd': 2.0, 'Zr': 0.5, 'Gd': 11.0}",,
Mg-Gd-Y-Zn-Zr (5),Cast + T6,CITIC Dicastal,www.dicastal.com/en/,2017,Global,,Percentage(%),,,,,,,,,,,"{'Mg': '79.55', 'Zr': 0.34, 'Ag': 1.88, 'Gd': 18.23}",,
Mg-Zn-Ca-La,Extruded + T5,CITIC Dicastal,www.dicastal.com/en/,2021,Global,,Percentage(%),,,,,,,,,,,"{'Mg': '82.07', 'Zn': 1.62, 'Zr': 0.65, 'Y': 5.66, 'Gd': 10.0}",,
Mg-Y-Zn-Zr(1),Hot Extrusion,CITIC Dicastal,www.dicastal.com/en/,2018,Global,,Percentage(%),,,,,,,,,,,"{'Mg': '96.8', 'Zn': 2.5, 'La': 0.4, 'Ca': 0.3}",,
Mg-Gd-Y-Zn-Zr,Hot Extrusion,CITIC Dicastal,www.dicastal.com/en/,2020,Global,,Percentage(%),,,,,,,,,,,"{'Mg': '93.94', 'Zn': 5.0, 'Zr': 0.16, 'Y': 0.9}",,
ZK60,Hot Extrusion,CITIC Dicastal,www.dicastal.com/en/,2021,Global,,Percentage(%),,,,,,,,,,,"{'Mg': '95.5', 'Zn': 0.7, 'Zr': 0.2, 'Y': 1.8, 'Gd': 1.8}",,
ZKE600,Extrusion,CITIC Dicastal,www.dicastal.com/en/,2018,Global,,Percentage(%),,,,,,,,,,,"{'Mg': '93.5', 'Zn': 6.0, 'Zr': 0.5}",,
ZKE601,Extrusion,CITIC Dicastal,www.dicastal.com/en/,2019,Global,,Percentage(%),,,,,,,,,,,"{'Mg': '93', 'Zn': 6.0, 'Ce': 0.5, 'Zr': 0.5}",,
ZKE602,Extrusion,CITIC Dicastal,www.dicastal.com/en/,2021,Global,,Percentage(%),,,,,,,,,,,"{'Mg': '92.5', 'Zn': 6.0, 'Ce': 1.0, 'Zr': 0.5}",,
AM30,Extrusion,CITIC Dicastal,www.dicastal.com/en/,2018,Global,,Percentage(%),,,,,,,,,,,"{'Mg': '92', 'Zn': 6.0, 'Ce': 1.5, 'Zr': 0.5}",,
TAZ7111,Extrusion,CITIC Dicastal,www.dicastal.com/en/,2020,Global,,Percentage(%),,,,,,,,,,,"{'Mg': '96.21', 'Al': 3.4, 'Zn': 0.06, 'Mn': 0.33}",,
TAZ7111(2),Extrusion(400K),CITIC Dicastal,www.dicastal.com/en/,2021,Global,,Percentage(%),,,,,,,,,,,"{'Mg': '93', 'Al': 1.0, 'Zn': 1.0, 'Sn': 7.0}",,
TAZ7111(3),Extrusion(450K),CITIC Dicastal,www.dicastal.com/en/,2017,Global,,Percentage(%),,,,,,,,,,,"{'Mg': '93', 'Al': 1.0, 'Zn': 1.0, 'Sn': 7.0}",,
Li0 (ED rotation),Extrusion(500K),CITIC Dicastal,www.dicastal.com/en/,2021,Global,,Percentage(%),,,,,,,,,,,"{'Mg': '93', 'Al': 1.0, 'Zn': 1.0, 'Sn': 7.0}",,
Li0 (45 rotation),Extrusion,CITIC Dicastal,www.dicastal.com/en/,2018,Global,,Percentage(%),,,,,,,,,,,"{'Mg': '96.27', 'Al': 2.62, 'Zn': 0.75, 'Mn': 0.36}",,
Li0 (TD rotation),Extrusion,CITIC Dicastal,www.dicastal.com/en/,2020,Global,,Percentage(%),,,,,,,,,,,"{'Mg': '96.27', 'Al': 2.62, 'Zn': 0.75, 'Mn': 0.36}",,
Li1 (ED rotation),Extrusion,CITIC Dicastal,www.dicastal.com/en/,2021,Global,,Percentage(%),,,,,,,,,,,"{'Mg': '96.27', 'Al': 2.62, 'Zn': 0.75, 'Mn': 0.36}",,
Li1 (45 rotation),Extrusion,CITIC Dicastal,www.dicastal.com/en/,2018,Global,,Percentage(%),,,,,,,,,,,"{'Mg': '95.4', 'Al': 2.52, 'Zn': 0.76, 'Mn': 0.39, 'Li': 0.93}",,
Li1 (TD rotation),Extrusion,CITIC Dicastal,www.dicastal.com/en/,2019,Global,,Percentage(%),,,,,,,,,,,"{'Mg': '95.4', 'Al': 2.52, 'Zn': 0.76, 'Mn': 0.39, 'Li': 0.93}",,
Li3 (ED rotation),Extrusion,CITIC Dicastal,www.dicastal.com/en/,2021,Global,,Percentage(%),,,,,,,,,,,"{'Mg': '95.4', 'Al': 2.52, 'Zn': 0.76, 'Mn': 0.39, 'Li': 0.93}",,
Li3 (45 rotation),Extrusion,CITIC Dicastal,www.dicastal.com/en/,2018,Global,,Percentage(%),,,,,,,,,,,"{'Mg': '93.33', 'Al': 2.61, 'Zn': 0.78, 'Mn': 0.35, 'Li': 2.93}",,
Li3 (TD rotation),Extrusion,CITIC Dicastal,www.dicastal.com/en/,2020,Global,,Percentage(%),,,,,,,,,,,"{'Mg': '93.33', 'Al': 2.61, 'Zn': 0.78, 'Mn': 0.35, 'Li': 2.93}",,
Li5 (ED rotation),Extrusion,CITIC Dicastal,www.dicastal.com/en/,2021,Global,,Percentage(%),,,,,,,,,,,"{'Mg': '93.33', 'Al': 2.61, 'Zn': 0.78, 'Mn': 0.35, 'Li': 2.93}",,
Li5 (45 rotation),Extrusion,CITIC Dicastal,www.dicastal.com/en/,2017,Global,,Percentage(%),,,,,,,,,,,"{'Mg': '91.62', 'Al': 2.53, 'Zn': 0.79, 'Mn': 0.27, 'Li': 4.79}",,
Li5 (TD rotation),Extrusion,CITIC Dicastal,www.dicastal.com/en/,2018,Global,,Percentage(%),,,,,,,,,,,"{'Mg': '91.62', 'Al': 2.53, 'Zn': 0.79, 'Mn': 0.27, 'Li': 4.79}",,
Z6(1),Extrusion,CITIC Dicastal,www.dicastal.com/en/,2019,Global,,Percentage(%),,,,,,,,,,,"{'Mg': '91.62', 'Al': 2.53, 'Zn': 0.79, 'Mn': 0.27, 'Li': 4.79}",,
M1,Extrusion + T6 aging,CITIC Dicastal,www.dicastal.com/en/,2017,Global,,Percentage(%),,,,,,,,,,,"{'Mg': '93.8', 'Zn': 6.2}",,
M1(1),Extrusion (slow),CITIC Dicastal,www.dicastal.com/en/,2017,Global,,Percentage(%),,,,,,,,,,,"{'Mg': '99.01', 'Mn': 0.99}",,
ME11,Extrusion (fast),CITIC Dicastal,www.dicastal.com/en/,2017,Global,,Percentage(%),,,,,,,,,,,"{'Mg': '99.01', 'Mn': 0.99}",,
ME11(1),Extrusion (slow),CITIC Dicastal,www.dicastal.com/en/,2017,Global,,Percentage(%),,,,,,,,,,,"{'Mg': '98.19', 'Mn': 0.95, 'Ce': 0.86}",,
MW01,Extrusion (fast),CITIC Dicastal,www.dicastal.com/en/,2017,Global,,Percentage(%),,,,,,,,,,,"{'Mg': '98.19', 'Mn': 0.95, 'Ce': 0.86}",,
MW01(1),Extrusion (slow),CITIC Dicastal,www.dicastal.com/en/,2017,Global,,Percentage(%),,,,,,,,,,,"{'Mg': '98.48', 'Mn': 0.2, 'Y': 1.32}",,
MW11,Extrusion (fast),CITIC Dicastal,www.dicastal.com/en/,2017,Global,,Percentage(%),,,,,,,,,,,"{'Mg': '98.48', 'Mn': 0.2, 'Y': 1.32}",,
MW11 (1),Extrusion (slow),CITIC Dicastal,www.dicastal.com/en/,2017,Global,,Percentage(%),,,,,,,,,,,"{'Mg': '97.9', 'Mn': 0.96, 'Y': 1.14}",,
MW21,Extrusion (fast),CITIC Dicastal,www.dicastal.com/en/,2017,Global,,Percentage(%),,,,,,,,,,,"{'Mg': '97.9', 'Mn': 0.96, 'Y': 1.14}",,
MW21(1),Extrusion (slow),CITIC Dicastal,www.dicastal.com/en/,2017,Global,,Percentage(%),,,,,,,,,,,"{'Mg': '97.18', 'Mn': 1.74, 'Y': 1.08}",,
MN11,Extrusion (fast),CITIC Dicastal,www.dicastal.com/en/,2017,Global,,Percentage(%),,,,,,,,,,,"{'Mg': '97.18', 'Mn': 1.74, 'Y': 1.08}",,
MN11(1),Extrusion (slow),CITIC Dicastal,www.dicastal.com/en/,2017,Global,,Percentage(%),,,,,,,,,,,"{'Mg': '98.11', 'Mn': 0.95, 'Nd': 0.94}",,
Mg-Zn-Mn,Extrusion (fast),CITIC Dicastal,www.dicastal.com/en/,2017,Global,,Percentage(%),,,,,,,,,,,"{'Mg': '98.11', 'Mn': 0.95, 'Nd': 0.94}",,
Mg-Zn-Mn-Sn (1),Extrusion,CITIC Dicastal,www.dicastal.com/en/,2017,Global,,Percentage(%),,,,,,,,,,,"{'Mg': '93.09', 'Zn': 5.96, 'Mn': 0.95}",,
Mg-Zn-Mn-Sn (2),Extrusion,CITIC Dicastal,www.dicastal.com/en/,2017,Global,,Percentage(%),,,,,,,,,,,"{'Mg': '91.82', 'Zn': 6.05, 'Mn': 0.95, 'Sn': 1.18}",,
Mg-Zn-Mn-Sn (3),Extrusion,CITIC Dicastal,www.dicastal.com/en/,2017,Global,,Percentage(%),,,,,,,,,,,"{'Mg': '90.56', 'Zn': 6.17, 'Mn': 0.98, 'Sn': 2.29}",,
Mg-Zn-Mn-Sn (4),Extrusion,CITIC Dicastal,www.dicastal.com/en/,2017,Global,,Percentage(%),,,,,,,,,,,"{'Mg': '88.7', 'Zn': 5.91, 'Mn': 0.93, 'Sn': 4.46}",,
Mg-Zn-Mn-Sn (5),Extrusion,CITIC Dicastal,www.dicastal.com/en/,2017,Global,,Percentage(%),,,,,,,,,,,"{'Mg': '87.19', 'Zn': 6.05, 'Mn': 0.92, 'Sn': 5.84}",,
Mg-Zn-Mn-Sn (6),Extrusion,CITIC Dicastal,www.dicastal.com/en/,2017,Global,,Percentage(%),,,,,,,,,,,"{'Mg': '84.85', 'Zn': 6.24, 'Mn': 0.85, 'Sn': 8.06}",,
Mg-Zn-Ca-Zr,Extrusion,CITIC Dicastal,www.dicastal.com/en/,2017,Global,,Percentage(%),,,,,,,,,,,"{'Mg': '83.55', 'Zn': 5.94, 'Mn': 0.95, 'Sn': 9.56}",,
GW123,Extrusion(300C),CITIC Dicastal,www.dicastal.com/en/,2017,Global,,Percentage(%),,,,,,,,,,,"{'Mg': '97.5', 'Zn': 1.0, 'Mn': 1.0, 'Ce': 0.5}",,
Mg-Sn,Extrusion,CITIC Dicastal,www.dicastal.com/en/,2017,Global,,Percentage(%),,,,,,,,,,,"{'Mg': '84.4', 'Zr': 0.6, 'Y': 3.0, 'Gd': 12.0}",,
TX21,Extrusion(260C),CITIC Dicastal,www.dicastal.com/en/,2017,Global,,Percentage(%),,,,,,,,,,,"{'Mg': '98.02', 'Sn': 1.98}",,
TX21 (1),As cast,CITIC Dicastal,www.dicastal.com/en/,2017,Global,,Percentage(%),,,,,,,,,,,"{'Mg': '96.97', 'Sn': 2.05, 'Ca': 0.97}",,
TX21 (2),As Homogenized,CITIC Dicastal,www.dicastal.com/en/,2017,Global,,Percentage(%),,,,,,,,,,,"{'Mg': '96.97', 'Sn': 2.05, 'Ca': 0.97}",,
TX21 (3),Extrusion(260C),CITIC Dicastal,www.dicastal.com/en/,2017,Global,,Percentage(%),,,,,,,,,,,"{'Mg': '96.97', 'Sn': 2.05, 'Ca': 0.97}",,
TXZ212,Extrusion(300C),CITIC Dicastal,www.dicastal.com/en/,2017,Global,,Percentage(%),,,,,,,,,,,"{'Mg': '96.97', 'Sn': 2.05, 'Ca': 0.97}",,
TXZ212 (1),As cast,CITIC Dicastal,www.dicastal.com/en/,2017,Global,,Percentage(%),,,,,,,,,,,"{'Mg': '95.05', 'Zn': 1.95, 'Sn': 1.98, 'Ca': 1.02}",,
TXZ212 (2),As Homogenized,CITIC Dicastal,www.dicastal.com/en/,2017,Global,,Percentage(%),,,,,,,,,,,"{'Mg': '95.05', 'Zn': 1.95, 'Sn': 1.98, 'Ca': 1.02}",,
Mg-Zn-Ca-Y,Extrusion(260 C),CITIC Dicastal,www.dicastal.com/en/,2017,Global,,Percentage(%),,,,,,,,,,,"{'Mg': '95.05', 'Zn': 1.95, 'Sn': 1.98, 'Ca': 1.02}",,
Mg-Zn-Ca-Y (1),Extrusion(423K),CITIC Dicastal,www.dicastal.com/en/,2017,Global,,Percentage(%),,,,,,,,,,,"{'Mg': '96.3', 'Zn': 3.0, 'Ca': 0.2, 'Y': 0.5}",,
Mg-Zn-Ca-Y (2),Extrusion(523K),CITIC Dicastal,www.dicastal.com/en/,2017,Global,,Percentage(%),,,,,,,,,,,"{'Mg': '96.3', 'Zn': 3.0, 'Ca': 0.2, 'Y': 0.5}",,
Mg-Zn-Ca-Y (3),Extrusion(573K),CITIC Dicastal,www.dicastal.com/en/,2017,Global,,Percentage(%),,,,,,,,,,,"{'Mg': '96.3', 'Zn': 3.0, 'Ca': 0.2, 'Y': 0.5}",,
Mg-Mn-Ce,Extrusion(523K),CITIC Dicastal,www.dicastal.com/en/,2017,Global,,Percentage(%),,,,,,,,,,,"{'Mg': '96.3', 'Zn': 3.0, 'Ca': 0.2, 'Y': 0.5}",,
Mg-Mn-Ce (1),Extrusion,CITIC Dicastal,www.dicastal.com/en/,2017,Global,,Percentage(%),,,,,,,,,,,"{'Mg': '99.61', 'Ce': 0.39}",,
Mg-Mn-Ce (2),Extrusion,CITIC Dicastal,www.dicastal.com/en/,2017,Global,,Percentage(%),,,,,,,,,,,"{'Mg': '99.36', 'Mn': 0.24, 'Ce': 0.4}",,
Mg-Mn-Ce (3),Extrusion,CITIC Dicastal,www.dicastal.com/en/,2017,Global,,Percentage(%),,,,,,,,,,,"{'Mg': '98.94', 'Mn': 0.64, 'Ce': 0.42}",,
Mg-Mn-Ce (4),Extrusion,CITIC Dicastal,www.dicastal.com/en/,2017,Global,,Percentage(%),,,,,,,,,,,"{'Mg': '98.54', 'Mn': 1.03, 'Ce': 0.43}",,
Mg-Gd-Y-Zn-Nd-Zr,Extrusion,CITIC Dicastal,www.dicastal.com/en/,2017,Global,,Percentage(%),,,,,,,,,,,"{'Mg': '98.22', 'Mn': 1.4, 'Ce': 0.38}",,
ZKCa50,Hot Extrusion,CITIC Dicastal,www.dicastal.com/en/,2017,Global,,Percentage(%),,,,,,,,,,,"{'Mg': '82.5', 'Zn': 1.5, 'Nd': 1.0, 'Zr': 0.5, 'Y': 4.5, 'Gd': 11.0}",,
ZKCa50 (1),Extrusion,CITIC Dicastal,www.dicastal.com/en/,2017,Global,,Percentage(%),,,,,,,,,,,"{'Mg': '94.35', 'Zn': 5.0, 'Mn': 0.1, 'Ca': 0.25, 'Zr': 0.3}",,
ZKCa50 (2),4h / RHT,CITIC Dicastal,www.dicastal.com/en/,2017,Global,,Percentage(%),,,,,,,,,,,"{'Mg': '94.35', 'Zn': 5.0, 'Mn': 0.1, 'Ca': 0.25, 'Zr': 0.3}",,
ZKCa50 (3),4h / RHT + 24 h aging,CITIC Dicastal,www.dicastal.com/en/,2017,Global,,Percentage(%),,,,,,,,,,,"{'Mg': '94.35', 'Zn': 5.0, 'Mn': 0.1, 'Ca': 0.25, 'Zr': 0.3}",,
ZKCa50 (4),4h / RHT + 0.5h / SHT + 24 h aging,CITIC Dicastal,www.dicastal.com/en/,2017,Global,,Percentage(%),,,,,,,,,,,"{'Mg': '94.35', 'Zn': 5.0, 'Mn': 0.1, 'Ca': 0.25, 'Zr': 0.3}",,
ZKCa50 (5),48 h / RHT,CITIC Dicastal,www.dicastal.com/en/,2017,Global,,Percentage(%),,,,,,,,,,,"{'Mg': '94.35', 'Zn': 5.0, 'Mn': 0.1, 'Ca': 0.25, 'Zr': 0.3}",,
ZKCa50 (6),48h / RHT + 24 h aging,CITIC Dicastal,www.dicastal.com/en/,2017,Global,,Percentage(%),,,,,,,,,,,"{'Mg': '94.35', 'Zn': 5.0, 'Mn': 0.1, 'Ca': 0.25, 'Zr': 0.3}",,
ZYbK520,48h / RHT + 0.5h / SHT + 24 h aging,CITIC Dicastal,www.dicastal.com/en/,2017,Global,,Percentage(%),,,,,,,,,,,"{'Mg': '94.35', 'Zn': 5.0, 'Mn': 0.1, 'Ca': 0.25, 'Zr': 0.3}",,
ZYbK520 (1),Extrusion,CITIC Dicastal,www.dicastal.com/en/,2017,Global,,Percentage(%),,,,,,,,,,,"{'Mg': '92.35', 'Zn': 5.0, 'Mn': 0.1, 'Ca': 0.25, 'Zr': 0.3, 'Yb': 2.0}",,
ZYbK520 (2),4h / RHT,CITIC Dicastal,www.dicastal.com/en/,2017,Global,,Percentage(%),,,,,,,,,,,"{'Mg': '92.35', 'Zn': 5.0, 'Mn': 0.1, 'Ca': 0.25, 'Zr': 0.3, 'Yb': 2.0}",,
ZYbK520 (3),4h / RHT + 24 h aging,CITIC Dicastal,www.dicastal.com/en/,2017,Global,,Percentage(%),,,,,,,,,,,"{'Mg': '92.35', 'Zn': 5.0, 'Mn': 0.1, 'Ca': 0.25, 'Zr': 0.3, 'Yb': 2.0}",,
ZYbK520 (4),4h / RHT + 0.5h / SHT + 24 h aging,CITIC Dicastal,www.dicastal.com/en/,2017,Global,,Percentage(%),,,,,,,,,,,"{'Mg': '92.35', 'Zn': 5.0, 'Mn': 0.1, 'Ca': 0.25, 'Zr': 0.3, 'Yb': 2.0}",,
ZYbK520 (5),48 h / RHT,CITIC Dicastal,www.dicastal.com/en/,2017,Global,,Percentage(%),,,,,,,,,,,"{'Mg': '92.35', 'Zn': 5.0, 'Mn': 0.1, 'Ca': 0.25, 'Zr': 0.3, 'Yb': 2.0}",,
ZYbK520 (6),48h / RHT + 24 h aging,CITIC Dicastal,www.dicastal.com/en/,2017,Global,,Percentage(%),,,,,,,,,,,"{'Mg': '92.35', 'Zn': 5.0, 'Mn': 0.1, 'Ca': 0.25, 'Zr': 0.3, 'Yb': 2.0}",,
Mg-Nd-Zn-Zr,48h / RHT + 0.5h / SHT + 24 h aging,CITIC Dicastal,www.dicastal.com/en/,2017,Global,,Percentage(%),,,,,,,,,,,"{'Mg': '92.35', 'Zn': 5.0, 'Mn': 0.1, 'Ca': 0.25, 'Zr': 0.3, 'Yb': 2.0}",,
HM31,Double Extrusion,CITIC Dicastal,www.dicastal.com/en/,2017,Global,,Percentage(%),,,,,,,,,,,"{'Mg': '97.2', 'Zn': 0.11, 'Nd': 2.25, 'Zr': 0.43}",,
WE43,Extrusion(T5 ),CITIC Dicastal,www.dicastal.com/en/,2017,Global,,Percentage(%),,,,,,,,,,,"{'Mg': '96', 'Mn': 1.0, 'Th': 3.0}",,
AM100A-F Magnesium,F,CITIC Dicastal,www.dicastal.com/en/,2017,Global,,Percentage(%),,,,,,,,,,,"{'Mg': '89.25', 'Al': 10.53, 'Mn': 0.23}",,
AM100A-T7 Magnesium,T7,CITIC Dicastal,www.dicastal.com/en/,2017,Global,,Percentage(%),,,,,,,,,,,"{'Mg': '89.25', 'Al': 10.53, 'Mn': 0.23}",,
AM100A-T4 Magnesium,T4,CITIC Dicastal,www.dicastal.com/en/,2017,Global,,Percentage(%),,,,,,,,,,,"{'Mg': '89.25', 'Al': 10.53, 'Mn': 0.23}",,
AM100A-T61 Magnesium,T61,CITIC Dicastal,www.dicastal.com/en/,2017,Global,,Percentage(%),,,,,,,,,,,"{'Mg': '89.25', 'Al': 10.53, 'Mn': 0.23}",,
AM100A-T6 Magnesium,T6,CITIC Dicastal,www.dicastal.com/en/,2017,Global,,Percentage(%),,,,,,,,,,,"{'Mg': '89.25', 'Al': 10.53, 'Mn': 0.23}",,
AZ31B-O Magnesium,O,CITIC Dicastal,www.dicastal.com/en/,2017,Global,,Percentage(%),,,,,,,,,,,"{'Mg': '95.35', 'Al': 3.13, 'Zn': 1.0, 'Mn': 0.53}",,
AZ31B-F Magnesium,F,CITIC Dicastal,www.dicastal.com/en/,2017,Global,,Percentage(%),,,,,,,,,,,"{'Mg': '95.35', 'Al': 3.13, 'Zn': 1.0, 'Mn': 0.53}",,
AZ31B-H26 Magnesium,H26,CITIC Dicastal,www.dicastal.com/en/,2017,Global,,Percentage(%),,,,,,,,,,,"{'Mg': '95.35', 'Al': 3.13, 'Zn': 1.0, 'Mn': 0.53}",,
AZ31B-H24 Magnesium,H24,CITIC Dicastal,www.dicastal.com/en/,2017,Global,,Percentage(%),,,,,,,,,,,"{'Mg': '95.35', 'Al': 3.13, 'Zn': 1.0, 'Mn': 0.53}",,
AZ63A-F Magnesium,F,CITIC Dicastal,www.dicastal.com/en/,2017,Global,,Percentage(%),,,,,,,,,,,"{'Mg': '90.35', 'Al': 6.4, 'Zn': 3.0, 'Mn': 0.25}",,
AZ63A-T5 Magnesium,T5,CITIC Dicastal,www.dicastal.com/en/,2017,Global,,Percentage(%),,,,,,,,,,,"{'Mg': '90.35', 'Al': 6.4, 'Zn': 3.0, 'Mn': 0.25}",,
AZ63A-T6 Magnesium,T6,CITIC Dicastal,www.dicastal.com/en/,2017,Global,,Percentage(%),,,,,,,,,,,"{'Mg': '90.35', 'Al': 6.4, 'Zn': 3.0, 'Mn': 0.25}",,
AZ63A-T4 Magnesium,T4,CITIC Dicastal,www.dicastal.com/en/,2017,Global,,Percentage(%),,,,,,,,,,,"{'Mg': '90.35', 'Al': 6.4, 'Zn': 3.0, 'Mn': 0.25, 'Si': 1.0}",,
AZ80A-T6 Magnesium,T6,CITIC Dicastal,www.dicastal.com/en/,2017,Global,,Percentage(%),,,,,,,,,,,"{'Mg': '90.45', 'Al': 8.74, 'Zn': 0.5, 'Mn': 0.31, 'Si': 1.0}",,
AZ80A-F Magnesium,F,CITIC Dicastal,www.dicastal.com/en/,2017,Global,,Percentage(%),,,,,,,,,,,"{'Mg': '90.45', 'Al': 8.74, 'Zn': 0.5, 'Mn': 0.31}",,
AZ80A-T5 Magnesium,T5,CITIC Dicastal,www.dicastal.com/en/,2017,Global,,Percentage(%),,,,,,,,,,,"{'Mg': '90.45', 'Al': 8.74, 'Zn': 0.5, 'Mn': 0.31}",,
AZ81A-F Magnesium,F,CITIC Dicastal,www.dicastal.com/en/,2017,Global,,Percentage(%),,,,,,,,,,,"{'Mg': '91.15', 'Al': 7.91, 'Zn': 0.7, 'Mn': 0.24}",,
AZ81A-T4 Magnesium,T4,CITIC Dicastal,www.dicastal.com/en/,2017,Global,,Percentage(%),,,,,,,,,,,"{'Mg': '91.15', 'Al': 7.91, 'Zn': 0.7, 'Mn': 0.24, 'Cu': 3.0}",,
AZ91C-T5 Magnesium,T5,CITIC Dicastal,www.dicastal.com/en/,2017,Global,,Percentage(%),,,,,,,,,,,"{'Mg': '90', 'Al': 9.06, 'Zn': 0.7, 'Mn': 0.24}",,
AZ91C-F Magnesium,F,CITIC Dicastal,www.dicastal.com/en/,2017,Global,,Percentage(%),,,,,,,,,,,"{'Mg': '90', 'Al': 9.06, 'Zn': 0.7, 'Mn': 0.24}",,
AZ91C-T6 Magnesium,T6,CITIC Dicastal,www.dicastal.com/en/,2017,Global,,Percentage(%),,,,,,,,,,,"{'Mg': '90', 'Al': 9.06, 'Zn': 0.7, 'Mn': 0.24}",,
AZ91C-T4 Magnesium,T4,CITIC Dicastal,www.dicastal.com/en/,2017,Global,,Percentage(%),,,,,,,,,,,"{'Mg': '90', 'Al': 9.06, 'Zn': 0.7, 'Mn': 0.24}",,
AZ91D-F Magnesium,F,CITIC Dicastal,www.dicastal.com/en/,2017,Global,,Percentage(%),,,,,,,,,,,"{'Mg': '89.95', 'Al': 9.05, 'Zn': 0.68, 'Mn': 0.33}",,
AZ91D-T6 Magnesium,T6,CITIC Dicastal,www.dicastal.com/en/,2017,Global,,Percentage(%),,,,,,,,,,,"{'Mg': '89.95', 'Al': 9.05, 'Zn': 0.68, 'Mn': 0.33}",,
AZ91D-T4 Magnesium,T4,CITIC Dicastal,www.dicastal.com/en/,2017,Global,,Percentage(%),,,,,,,,,,,"{'Mg': '89.95', 'Al': 9.05, 'Zn': 0.68, 'Mn': 0.33}",,
AZ91E-F Magnesium,F,CITIC Dicastal,www.dicastal.com/en/,2017,Global,,Percentage(%),,,,,,,,,,,"{'Mg': '90.05', 'Al': 8.99, 'Zn': 0.7, 'Mn': 0.26}",,
AZ91E-T4 Magnesium,T4,CITIC Dicastal,www.dicastal.com/en/,2017,Global,,Percentage(%),,,,,,,,,,,"{'Mg': '90.05', 'Al': 8.99, 'Zn': 0.7, 'Mn': 0.26}",,
AZ91E-T6 Magnesium,T6,CITIC Dicastal,www.dicastal.com/en/,2017,Global,,Percentage(%),,,,,,,,,,,"{'Mg': '90.05', 'Al': 8.99, 'Zn': 0.7, 'Mn': 0.26}",,
AZ92A-T5 Magnesium,T5,CITIC Dicastal,www.dicastal.com/en/,2017,Global,,Percentage(%),,,,,,,,,,,"{'Mg': '88.35', 'Al': 9.43, 'Zn': 2.0, 'Mn': 0.23}",,
AZ92A-F Magnesium,F,CITIC Dicastal,www.dicastal.com/en/,2017,Global,,Percentage(%),,,,,,,,,,,"{'Mg': '88.35', 'Al': 9.43, 'Zn': 2.0, 'Mn': 0.23}",,
AZ92A-T6 Magnesium,T6,CITIC Dicastal,www.dicastal.com/en/,2017,Global,,Percentage(%),,,,,,,,,,,"{'Mg': '88.35', 'Al': 9.43, 'Zn': 2.0, 'Mn': 0.23}",,
AZ92A-T4 Magnesium,T4,CITIC Dicastal,www.dicastal.com/en/,2017,Global,,Percentage(%),,,,,,,,,,,"{'Mg': '88.35', 'Al': 9.43, 'Zn': 2.0, 'Mn': 0.23}",,
EN-MC21110-F Magnesium,F,CITIC Dicastal,www.dicastal.com/en/,2017,Global,,Percentage(%),,,,,,,,,,,"{'Mg': '91.1', 'Al': 8.0, 'Zn': 0.68, 'Mn': 0.23}",,
EN-MC21110-T4 Magnesium,T4,CITIC Dicastal,www.dicastal.com/en/,2017,Global,,Percentage(%),,,,,,,,,,,"{'Mg': '91.1', 'Al': 8.0, 'Zn': 0.68, 'Mn': 0.23}",,
EN-MC21120-F Magnesium,F,CITIC Dicastal,www.dicastal.com/en/,2017,Global,,Percentage(%),,,,,,,,,,,"{'Mg': '89.95', 'Al': 9.08, 'Zn': 0.68, 'Mn': 0.3}",,
EN-MC21120-T4 Magnesium,T4,CITIC Dicastal,www.dicastal.com/en/,2017,Global,,Percentage(%),,,,,,,,,,,"{'Mg': '89.95', 'Al': 9.08, 'Zn': 0.68, 'Mn': 0.3}",,
EN-MC21120-T6 Magnesium,T6,CITIC Dicastal,www.dicastal.com/en/,2017,Global,,Percentage(%),,,,,,,,,,,"{'Mg': '89.95', 'Al': 9.08, 'Zn': 0.68, 'Mn': 0.3}",,
ISO-WD21150-O Magnesium,O,CITIC Dicastal,www.dicastal.com/en/,2017,Global,,Percentage(%),,,,,,,,,,,"{'Mg': '95.5', 'Al': 3.23, 'Zn': 1.0, 'Mn': 0.28}",,
ISO-WD21150-F Magnesium,F,CITIC Dicastal,www.dicastal.com/en/,2017,Global,,Percentage(%),,,,,,,,,,,"{'Mg': '95.5', 'Al': 3.23, 'Zn': 1.0, 'Mn': 0.28}",,
ISO-WD21150-H22 Magnesium,H22,CITIC Dicastal,www.dicastal.com/en/,2017,Global,,Percentage(%),,,,,,,,,,,"{'Mg': '95.5', 'Al': 3.23, 'Zn': 1.0, 'Mn': 0.28}",,
ISO-WD21150-H24 Magnesium,H24,CITIC Dicastal,www.dicastal.com/en/,2017,Global,,Percentage(%),,,,,,,,,,,"{'Mg': '95.5', 'Al': 3.23, 'Zn': 1.0, 'Mn': 0.28, 'Cu': 1.25}",,
ISO-WD32250-T5 Magnesium,T5,CITIC Dicastal,www.dicastal.com/en/,2017,Global,,Percentage(%),,,,,,,,,,,"{'Mg': '96.12', 'Zn': 3.25, 'Zr': 0.63}",,
ISO-WD32250-F Magnesium,F,CITIC Dicastal,www.dicastal.com/en/,2017,Global,,Percentage(%),,,,,,,,,,,"{'Mg': '96.12', 'Zn': 3.25, 'Zr': 0.63}",,
ISO-WD32260-T6 Magnesium,T6,CITIC Dicastal,www.dicastal.com/en/,2017,Global,,Percentage(%),,,,,,,,,,,"{'Mg': '93.87', 'Zn': 5.51, 'Zr': 0.63}",,
ISO-WD32260-F Magnesium,F,CITIC Dicastal,www.dicastal.com/en/,2017,Global,,Percentage(%),,,,,,,,,,,"{'Mg': '93.87', 'Zn': 5.51, 'Zr': 0.63}",,
ISO-WD32260-T5 Magnesium,T5,CITIC Dicastal,www.dicastal.com/en/,2017,Global,,Percentage(%),,,,,,,,,,,"{'Mg': '93.87', 'Zn': 5.51, 'Zr': 0.63}",,
ISO-WD32350-O Magnesium,O,CITIC Dicastal,www.dicastal.com/en/,2017,Global,,Percentage(%),,,,,,,,,,,"{'Mg': '96.99', 'Zn': 2.06, 'Mn': 0.95}",,
ISO-WD32350-F Magnesium,F,CITIC Dicastal,www.dicastal.com/en/,2017,Global,,Percentage(%),,,,,,,,,,,"{'Mg': '96.99', 'Zn': 2.06, 'Mn': 0.95}",,
ISO-WD32350-H24 Magnesium,H24,CITIC Dicastal,www.dicastal.com/en/,2017,Global,,Percentage(%),,,,,,,,,,,"{'Mg': '96.99', 'Zn': 2.06, 'Mn': 0.95}",,
WE43A-T6 Magnesium,T6,CITIC Dicastal,www.dicastal.com/en/,2017,Global,,Percentage(%),,,,,,,,,,,"{'Mg': '91.87', 'Ce': 1.13, 'La': 1.13, 'Nd': 1.13, 'Zr': 0.7, 'Y': 4.02, 'Cu': 3.2}",,
WE43A-T5 Magnesium,T5,CITIC Dicastal,www.dicastal.com/en/,2017,Global,,Percentage(%),,,,,,,,,,,"{'Mg': '91.87', 'Ce': 1.13, 'La': 1.13, 'Nd': 1.13, 'Zr': 0.7, 'Y': 4.02}",,
WE54A-T6 Magnesium,T6,CITIC Dicastal,www.dicastal.com/en/,2017,Global,,Percentage(%),,,,,,,,,,,"{'Mg': '91.37', 'Ce': 0.92, 'La': 0.92, 'Nd': 0.92, 'Zr': 0.7, 'Y': 5.17}",,
WE54A-T5 Magnesium,T5,CITIC Dicastal,www.dicastal.com/en/,2017,Global,,Percentage(%),,,,,,,,,,,"{'Mg': '91.37', 'Ce': 0.92, 'La': 0.92, 'Nd': 0.92, 'Zr': 0.7, 'Y': 5.17}",,
ZK60A-F Magnesium,F,CITIC Dicastal,www.dicastal.com/en/,2017,Global,,Percentage(%),,,,,,,,,,,"{'Mg': '93.77', 'Zn': 5.51, 'Zr': 0.73}",,
ZK60A-T5 Magnesium,T5,CITIC Dicastal,www.dicastal.com/en/,2017,Global,,Percentage(%),,,,,,,,,,,"{'Mg': '93.77', 'Zn': 5.51, 'Zr': 0.73}",,
ZK60A-T6 Magnesium,T6,CITIC Dicastal,www.dicastal.com/en/,2017,Global,,Percentage(%),,,,,,,,,,,"{'Mg': '93.77', 'Zn': 5.51, 'Zr': 0.73}",,
ZK61A-T5 Magnesium,T5,CITIC Dicastal,www.dicastal.com/en/,2017,Global,,Percentage(%),,,,,,,,,,,"{'Mg': '93.19', 'Zn': 6.01, 'Zr': 0.8}",,
ZK61A-T6 Magnesium,T6,CITIC Dicastal,www.dicastal.com/en/,2017,Global,,Percentage(%),,,,,,,,,,,"{'Mg': '93.19', 'Zn': 6.01, 'Zr': 0.8}",,
AZ63,Sand Cast,CITIC Dicastal,www.dicastal.com/en/,2017,Global,,Percentage(%),,,,,,,,,,,"{'Mg': '90.7', 'Al': 6.0, 'Zn': 3.0, 'Mn': 0.3}",,
AZ63,T6,CITIC Dicastal,www.dicastal.com/en/,2017,Global,,Percentage(%),,,,,,,,,,,"{'Mg': '91.2', 'Al': 8.0, 'Zn': 0.5, 'Mn': 3.0}",,
AZ81,Sand Cast,CITIC Dicastal,www.dicastal.com/en/,2017,Global,,Percentage(%),,,,,,,,,,,"{'Mg': '89.7', 'Al': 9.5, 'Zn': 0.5, 'Mn': 0.9}",,
AZ81,T4,CITIC Dicastal,www.dicastal.com/en/,2017,Global,,Percentage(%),,,,,,,,,,,"{'Mg': '89.7', 'Al': 9.5, 'Zn': 0.5, 'Mn': 0.9}",,
AZ91,Sand Cast,CITIC Dicastal,www.dicastal.com/en/,2017,Global,,Percentage(%),,,,,,,,,,,"{'Mg': '89.7', 'Al': 9.5, 'Zn': 0.5, 'Mn': 0.9}",,
AZ91,T4,CITIC Dicastal,www.dicastal.com/en/,2017,Global,,Percentage(%),,,,,,,,,,,"{'Mg': '89.7', 'Al': 9.5, 'Zn': 0.5, 'Mn': 0.9}",,
AZ91,T6,CITIC Dicastal,www.dicastal.com/en/,2017,Global,,Percentage(%),,,,,,,,,,,"{'Mg': '89.7', 'Al': 9.5, 'Zn': 0.5, 'Mn': 0.9}",,
AZ91,Chill cast,CITIC Dicastal,www.dicastal.com/en/,2017,Global,,Percentage(%),,,,,,,,,,,"{'Mg': '89.7', 'Al': 9.5, 'Zn': 0.5, 'Mn': 0.9}",,
AM50,Diecast,CITIC Dicastal,www.dicastal.com/en/,2017,Global,,Percentage(%),,,,,,,,,,,"{'Mg': '94.7', 'Al': 5.0, 'Mn': 0.3}",,
AM20,Diecast,CITIC Dicastal,www.dicastal.com/en/,2017,Global,,Percentage(%),,,,,,,,,,,"{'Mg': '97.5', 'Al': 2.0, 'Mn': 0.5}",,
AS41,Diecast,CITIC Dicastal,www.dicastal.com/en/,2017,Global,,Percentage(%),,,,,,,,,,,"{'Mg': '94.7', 'Al': 4.0, 'Mn': 0.3, 'Si': 1.0}",,
AS21,Diecast,CITIC Dicastal,www.dicastal.com/en/,2017,Global,,Percentage(%),,,,,,,,,,,"{'Mg': '96.6', 'Al': 2.0, 'Mn': 0.4, 'Si': 1.0}",,
ZK51,T5,CITIC Dicastal,www.dicastal.com/en/,2017,Global,,Percentage(%),,,,,,,,,,,"{'Mg': '94.8', 'Zn': 4.5, 'Zr': 0.7}",,
ZK61,T5,CITIC Dicastal,www.dicastal.com/en/,2017,Global,,Percentage(%),,,,,,,,,,,"{'Mg': '93.3', 'Zn': 6.0, 'Zr': 0.7}",,
ZE41,T5,CITIC Dicastal,www.dicastal.com/en/,2017,Global,,Percentage(%),,,,,,,,,,,"{'Mg': '93.8', 'Zn': 4.2, 'Ce': 0.7, 'La': 0.3, 'Nd': 0.3, 'Zr': 0.7}",,
ZC63,T6,CITIC Dicastal,www.dicastal.com/en/,2017,Global,,Percentage(%),,,,,,,,,,,"{'Mg': '90.5', 'Zn': 6.0, 'Mn': 0.5, 'Cu': 3.0}",,
EZ33,Sand Cast: T5,CITIC Dicastal,www.dicastal.com/en/,2017,Global,,Percentage(%),,,,,,,,,,,"{'Mg': '93.4', 'Zn': 2.7, 'Ce': 1.8, 'La': 0.7, 'Nd': 0.7, 'Zr': 0.7}",,
EZ33,Chilled Cast: T5,CITIC Dicastal,www.dicastal.com/en/,2017,Global,,Percentage(%),,,,,,,,,,,"{'Mg': '93.4', 'Zn': 2.7, 'Ce': 1.8, 'La': 0.7, 'Nd': 0.7, 'Zr': 0.7}",,
HK31,Sand Cast: T6,CITIC Dicastal,www.dicastal.com/en/,2017,Global,,Percentage(%),,,,,,,,,,,"{'Mg': '93.9', 'Zn': 2.2, 'Zr': 0.7, 'Th': 3.2}",,
HZ32,Sand/Chill Cast T5,CITIC Dicastal,www.dicastal.com/en/,2017,Global,,Percentage(%),,,,,,,,,,,"{'Mg': '93.9', 'Zn': 2.2, 'Zr': 0.7, 'Th': 3.2}",,
QE22,Sand/Chill Cast T6,CITIC Dicastal,www.dicastal.com/en/,2017,Global,,Percentage(%),,,,,,,,,,,"{'Mg': '94.3', 'Nd': 2.5, 'Zr': 0.7, 'Ag': 2.5}",,
QH21,Sand Cast T6,CITIC Dicastal,www.dicastal.com/en/,2017,Global,,Percentage(%),,,,,,,,,,,"{'Mg': '94.8', 'Nd': 1.0, 'Zr': 0.7, 'Ag': 2.5, 'Th': 1.0}",,
WE54,T6,CITIC Dicastal,www.dicastal.com/en/,2017,Global,,Percentage(%),,,,,,,,,,,"{'Mg': '91.15', 'Nd': 3.25, 'Zr': 0.5, 'Y': 5.1}",,
WE43,T6,CITIC Dicastal,www.dicastal.com/en/,2017,Global,,Percentage(%),,,,,,,,,,,"{'Mg': '92.25', 'Nd': 3.25, 'Zr': 0.5, 'Y': 4.0}",,
M1,"Sheet, Plate F",CITIC Dicastal,www.dicastal.com/en/,2017,Global,,Percentage(%),,,,,,,,,,,"{'Mg': '98.5', 'Zr': 1.5}",,
M1,Extrusion F,CITIC Dicastal,www.dicastal.com/en/,2017,Global,,Percentage(%),,,,,,,,,,,"{'Mg': '98.5', 'Zr': 1.5}",,
M1,Forgings F,CITIC Dicastal,www.dicastal.com/en/,2017,Global,,Percentage(%),,,,,,,,,,,"{'Mg': '98.5', 'Zr': 1.5}",,
AZ31,"Sheet, Plate 0",CITIC Dicastal,www.dicastal.com/en/,2017,Global,,Percentage(%),,,,,,,,,,,"{'Mg': '95.3', 'Al': 3.0, 'Zn': 1.0, 'Mn': 0.25}",,
AZ31,H24,CITIC Dicastal,www.dicastal.com/en/,2017,Global,,Percentage(%),,,,,,,,,,,"{'Mg': '95.3', 'Al': 3.0, 'Zn': 1.0, 'Mn': 0.25}",,
AZ31,Extrusion F,CITIC Dicastal,www.dicastal.com/en/,2017,Global,,Percentage(%),,,,,,,,,,,"{'Mg': '95.3', 'Al': 3.0, 'Zn': 1.0, 'Mn': 0.25}",,
AZ31,Forgings F,CITIC Dicastal,www.dicastal.com/en/,2017,Global,,Percentage(%),,,,,,,,,,,"{'Mg': '95.3', 'Al': 3.0, 'Zn': 1.0, 'Mn': 0.25}",,
AZ61,Extrusion F,CITIC Dicastal,www.dicastal.com/en/,2017,Global,,Percentage(%),,,,,,,,,,,"{'Mg': '92.95', 'Al': 6.5, 'Zn': 1.0, 'Mn': 0.23}",,
AZ61,Forgings F,CITIC Dicastal,www.dicastal.com/en/,2017,Global,,Percentage(%),,,,,,,,,,,"{'Mg': '92.95', 'Al': 6.5, 'Zn': 1.0, 'Mn': 0.23}",,
AZ80,Forgings T6,CITIC Dicastal,www.dicastal.com/en/,2017,Global,,Percentage(%),,,,,,,,,,,"{'Mg': '89.04', 'Al': 8.5, 'Zn': 0.5, 'Mn': 1.06}",,
ZM21,"Sheet, Plate 0",CITIC Dicastal,www.dicastal.com/en/,2017,Global,,Percentage(%),,,,,,,,,,,"{'Mg': '97', 'Zn': 2.0, 'Mn': 1.0}",,
ZM21,H24,CITIC Dicastal,www.dicastal.com/en/,2017,Global,,Percentage(%),,,,,,,,,,,"{'Mg': '97', 'Zn': 2.0, 'Mn': 1.0}",,
ZM21,Extrusions,CITIC Dicastal,www.dicastal.com/en/,2017,Global,,Percentage(%),,,,,,,,,,,"{'Mg': '97', 'Zn': 2.0, 'Mn': 1.0}",,
ZM21,Forgings,CITIC Dicastal,www.dicastal.com/en/,2017,Global,,Percentage(%),,,,,,,,,,,"{'Mg': '97', 'Zn': 2.0, 'Mn': 1.0}",,
ZMC711,Extrusions T6,CITIC Dicastal,www.dicastal.com/en/,2017,Global,,Percentage(%),,,,,,,,,,,"{'Mg': '91.5', 'Zn': 6.5, 'Mn': 0.75, 'Cu': 1.25}",,
LA141,"Sheet, Plate T7",CITIC Dicastal,www.dicastal.com/en/,2017,Global,,Percentage(%),,,,,,,,,,,"{'Mg': '84.65', 'Al': 1.2, 'Mn': 0.15, 'Li': 14.0}",,
ZK61,Extrusions F,CITIC Dicastal,www.dicastal.com/en/,2017,Global,,Percentage(%),,,,,,,,,,,"{'Mg': '93.2', 'Zn': 6.0, 'Zr': 0.8}",,
ZK61,Forgings T5,CITIC Dicastal,www.dicastal.com/en/,2017,Global,,Percentage(%),,,,,,,,,,,"{'Mg': '93.2', 'Zn': 6.0, 'Zr': 0.8}",,
ZK61,Heat Treatment/Solution Treatment: S02,CITIC Dicastal,www.dicastal.com/en/,2017,Global,,Percentage(%),,,,,,,,,,,"{'Mg': '93.2', 'Zn': 6.0, 'Zr': 0.8}",,
ZK61,H2,CITIC Dicastal,www.dicastal.com/en/,2017,Global,,Percentage(%),,,,,,,,,,,"{'Mg': '93.3', 'Zn': 6.0, 'Zr': 0.7}",,
ZE62(ZK61+2%RE),SO2,CITIC Dicastal,www.dicastal.com/en/,2017,Global,,Percentage(%),,,,,,,,,,,"{'Mg': '93.3', 'Zn': 6.0, 'Zr': 0.7}",,
ZE62(ZK61+2%RE),H2,CITIC Dicastal,www.dicastal.com/en/,2017,Global,,Percentage(%),,,,,,,,,,,"{'Mg': '91.3', 'Zn': 6.0, 'Ce': 1.0, 'La': 0.5, 'Nd': 0.5, 'Zr': 0.7}",,
HK31,"Sheet, Plate H24",CITIC Dicastal,www.dicastal.com/en/,2017,Global,,Percentage(%),,,,,,,,,,,"{'Mg': '91.3', 'Zn': 6.0, 'Ce': 1.0, 'La': 0.5, 'Nd': 0.5, 'Zr': 0.7}",,
HK31,Extrusions T5,CITIC Dicastal,www.dicastal.com/en/,2017,Global,,Percentage(%),,,,,,,,,,,"{'Mg': '96.1', 'Cu': 3.2, 'Th': 0.7}",,
HM21,"Sheet, Plate T8",CITIC Dicastal,www.dicastal.com/en/,2017,Global,,Percentage(%),,,,,,,,,,,"{'Mg': '96.1', 'Cu': 3.2, 'Th': 0.7}",,
HM21,T81,CITIC Dicastal,www.dicastal.com/en/,2017,Global,,Percentage(%),,,,,,,,,,,"{'Mg': '97.2', 'Mn': 0.8, 'Th': 2.0}",,
HM21,Forgings T5,CITIC Dicastal,www.dicastal.com/en/,2017,Global,,Percentage(%),,,,,,,,,,,"{'Mg': '97.2', 'Mn': 0.8, 'Th': 2.0}",,
HZ11,Extrusions F,CITIC Dicastal,www.dicastal.com/en/,2017,Global,,Percentage(%),,,,,,,,,,,{'Mg': '97.2'},,
HZ11,Forgings,CITIC Dicastal,www.dicastal.com/en/,2017,Global,,Percentage(%),,,,,,,,,,,"{'Mg': '98', 'Zn': 0.6, 'Zr': 0.6, 'Th': 0.8}",,
AZ91,"cast, extruded T6",CITIC Dicastal,www.dicastal.com/en/,2017,Global,,Percentage(%),,,,,,,,,,,"{'Mg': '98', 'Zn': 0.6, 'Zr': 0.6, 'Th': 0.8}",,
AZ91,"conventional planar flow casting, extruded (300C)",CITIC Dicastal,www.dicastal.com/en/,2017,Global,,Percentage(%),,,,,,,,,,,"{'Mg': '89.8', 'Al': 9.0, 'Zn': 1.0, 'Mn': 0.2}",,
AZ91,"conventional planar flow casting,, extruded (300C), superplastic deformation ",CITIC Dicastal,www.dicastal.com/en/,2017,Global,,Percentage(%),,,,,,,,,,,"{'Mg': '90.15', 'Al': 9.0, 'Zn': 0.7, 'Mn': 0.15}",,
AZ91RS,extruded (300C),CITIC Dicastal,www.dicastal.com/en/,2017,Global,,Percentage(%),,,,,,,,,,,"{'Mg': '90.15', 'Al': 9.0, 'Zn': 0.7, 'Mn': 0.15}",,
AZ91RS,"extruded (300C), superplastic deformation",CITIC Dicastal,www.dicastal.com/en/,2017,Global,,Percentage(%),,,,,,,,,,,"{'Mg': '90.15', 'Zn': 0.7, 'Mn': 0.15}",,
AZ91,die cast (380C),CITIC Dicastal,www.dicastal.com/en/,2017,Global,,Percentage(%),,,,,,,,,,,"{'Mg': '90.15', 'Al': 9.0, 'Zn': 0.7, 'Mn': 0.15}",,
AZ91,die cast (420C),CITIC Dicastal,www.dicastal.com/en/,2017,Global,,Percentage(%),,,,,,,,,,,"{'Mg': '90', 'Al': 9.0, 'Zn': 1.0}",,
AZ91 FHT,"die cast (380C), FHT (fully heat treated)",CITIC Dicastal,www.dicastal.com/en/,2017,Global,,Percentage(%),,,,,,,,,,,"{'Mg': '90', 'Al': 9.0, 'Zn': 1.0}",,
AZ80 (testing direction L),extruded,CITIC Dicastal,www.dicastal.com/en/,2017,Global,,Percentage(%),,,,,,,,,,,"{'Mg': '90', 'Al': 9.0, 'Zn': 1.0}",,
AZ80 (testing direction R),extruded,CITIC Dicastal,www.dicastal.com/en/,2017,Global,,Percentage(%),,,,,,,,,,,"{'Mg': '90.8', 'Al': 8.5, 'Zn': 0.5, 'Mn': 0.2}",,
M2,"continuous casting process,extruded T5",CITIC Dicastal,www.dicastal.com/en/,2017,Global,,Percentage(%),,,,,,,,,,,"{'Mg': '90.8', 'Al': 8.5, 'Zn': 0.5, 'Mn': 0.2}",,
AZ31,"extruded, forged T5",CITIC Dicastal,www.dicastal.com/en/,2017,Global,,Percentage(%),,,,,,,,,,,"{'Mg': '98', 'Mn': 2.0}",,
AZ61,"extruded, forged T5",CITIC Dicastal,www.dicastal.com/en/,2017,Global,,Percentage(%),,,,,,,,,,,"{'Mg': '96', 'Al': 3.0, 'Zn': 1.0}",,
AZ80,"extruded, forged T5",CITIC Dicastal,www.dicastal.com/en/,2017,Global,,Percentage(%),,,,,,,,,,,"{'Mg': '93', 'Al': 6.0, 'Zn': 1.0}",,
ZK30,forged,CITIC Dicastal,www.dicastal.com/en/,2017,Global,,Percentage(%),,,,,,,,,,,"{'Mg': '91.5', 'Al': 8.0, 'Zn': 0.5}",,
ZK60,forged,CITIC Dicastal,www.dicastal.com/en/,2017,Global,,Percentage(%),,,,,,,,,,,"{'Mg': '96.4', 'Zn': 3.0, 'Zr': 0.6}",,
WE43,"extruded, forged T5",CITIC Dicastal,www.dicastal.com/en/,2017,Global,,Percentage(%),,,,,,,,,,,"{'Mg': '93.4', 'Zn': 6.0, 'Zr': 0.6}",,
WE54,"extruded, forged T5",CITIC Dicastal,www.dicastal.com/en/,2017,Global,,Percentage(%),,,,,,,,,,,"{'Mg': '92.5', 'Ce': 1.0, 'La': 1.0, 'Nd': 1.0, 'Zr': 0.5, 'Y': 4.0}",,
AZ91,"cast, heated at 420C, water quenching T4, aged at 200C(T6)",CITIC Dicastal,www.dicastal.com/en/,2017,Global,,Percentage(%),,,,,,,,,,,"{'Mg': '90.75', 'Ce': 1.17, 'La': 1.16, 'Nd': 1.16, 'Zr': 0.5, 'Y': 5.25}",,
P/M Mg-5Y-6Re,extruded (573K),CITIC Dicastal,www.dicastal.com/en/,2017,Global,,Percentage(%),,,,,,,,,,,"{'Mg': '90', 'Al': 9.0, 'Zn': 0.8, 'Mn': 0.2}",,
Solution treated Mg-4Y-3Re,"extruded (573K), solution treated ",CITIC Dicastal,www.dicastal.com/en/,2017,Global,,Percentage(%),,,,,,,,,,,"{'Mg': '89.85', 'Al': 9.0, 'Zn': 0.8, 'Mn': 0.2, 'Sb': 0.15}",,
Peak aged Mg-4Y-3Re,"extruded (573K), peak aged ",CITIC Dicastal,www.dicastal.com/en/,2017,Global,,Percentage(%),,,,,,,,,,,"{'Mg': '89.65', 'Al': 9.0, 'Zn': 0.8, 'Mn': 0.2, 'Sb': 0.35}",,
Extruded Mg-4Y-3Re,extruded (673K),CITIC Dicastal,www.dicastal.com/en/,2017,Global,,Percentage(%),,,,,,,,,,,"{'Mg': '89.3', 'Al': 9.0, 'Zn': 0.8, 'Mn': 0.2, 'Sb': 0.7}",,
AZ91,as-cast (730C),CITIC Dicastal,www.dicastal.com/en/,2017,Global,,Percentage(%),,,,,,,,,,,"{'Mg': '89.7', 'Ce': 1.71, 'La': 0.4, 'Nd': 3.7, 'Pr': 1.76, 'Y': 4.47}",,
AZ91-1RE,as-cast (730C),CITIC Dicastal,www.dicastal.com/en/,2017,Global,,Percentage(%),,,,,,,,,,,"{'Mg': '89.7', 'Ce': 1.71, 'La': 0.4, 'Nd': 3.7, 'Pr': 1.76, 'Y': 4.47}",,
AZ91-2RE,as-cast (730C),CITIC Dicastal,www.dicastal.com/en/,2017,Global,,Percentage(%),,,,,,,,,,,"{'Mg': '89.7', 'Ce': 1.71, 'La': 0.4, 'Nd': 3.7, 'Pr': 1.76, 'Y': 4.47}",,
AZ91-3RE,as-cast (730C),CITIC Dicastal,www.dicastal.com/en/,2017,Global,,Percentage(%),,,,,,,,,,,"{'Mg': '89.7', 'Ce': 1.71, 'La': 0.4, 'Nd': 3.7, 'Pr': 1.76, 'Y': 4.47}",,
Mg-6Al,as-cast (730C),CITIC Dicastal,www.dicastal.com/en/,2017,Global,,Percentage(%),,,,,,,,,,,"{'Mg': '90.82', 'Al': 8.12, 'Zn': 0.92, 'Mn': 0.14, 'Pr': 0.05}",,
Mg-6Al-1RE,as-cast (730C),CITIC Dicastal,www.dicastal.com/en/,2017,Global,,Percentage(%),,,,,,,,,,,"{'Mg': '90.65', 'Al': 7.41, 'Zn': 0.83, 'Mn': 0.17, 'Ce': 0.48, 'La': 0.26, 'Nd': 0.15, 'Pr': 0.11}",,
Mg-6Al-2RE,as-cast (730C),CITIC Dicastal,www.dicastal.com/en/,2017,Global,,Percentage(%),,,,,,,,,,,"{'Mg': '89.91', 'Al': 7.28, 'Zn': 0.82, 'Mn': 0.15, 'Ce': 0.94, 'La': 0.51, 'Nd': 0.29, 'Pr': 0.19}",,
Mg-6Al-3RE,as-cast (730C),CITIC Dicastal,www.dicastal.com/en/,2017,Global,,Percentage(%),,,,,,,,,,,"{'Mg': '88.68', 'Al': 7.42, 'Zn': 0.87, 'Mn': 0.17, 'Ce': 1.5, 'La': 0.85, 'Nd': 0.48}",,
Mg-9Al-0.8Zn-0.2Mn,as-cast (420C),CITIC Dicastal,www.dicastal.com/en/,2017,Global,,Percentage(%),,,,,,,,,,,"{'Mg': '93.86', 'Al': 5.52, 'Zn': 0.51, 'Mn': 0.11}",,
Mg-9Al-0.8Zn-0.2Mn-0.15Sb,as-cast (420C),CITIC Dicastal,www.dicastal.com/en/,2017,Global,,Percentage(%),,,,,,,,,,,"{'Mg': '92.76', 'Al': 5.59, 'Zn': 0.63, 'Mn': 0.12, 'Ce': 0.47, 'La': 0.25, 'Nd': 0.14}",,
Mg-9Al-0.8Zn-0.2Mn-0.35Sb,as-cast (420C),CITIC Dicastal,www.dicastal.com/en/,2017,Global,,Percentage(%),,,,,,,,,,,"{'Mg': '92.3', 'Al': 5.07, 'Zn': 0.5, 'Mn': 0.13, 'Ce': 1.11, 'La': 0.56, 'Nd': 0.32}",,
Mg-9Al-0.8Zn-0.2Mn-0.7Sb,as-cast (420C),CITIC Dicastal,www.dicastal.com/en/,2017,Global,,Percentage(%),,,,,,,,,,,"{'Mg': '90.63', 'Al': 5.28, 'Zn': 0.58, 'Mn': 0.12, 'Ce': 1.9, 'La': 0.94, 'Nd': 0.6}",,
Mg-9Al-0.8Zn-0.2Mn-1.0Sb,as-cast (420C),CITIC Dicastal,www.dicastal.com/en/,2017,Global,,Percentage(%),,,,,,,,,,,"{'Mg': '90', 'Al': 9.0, 'Zn': 0.8, 'Mn': 0.2}",,
Mg-9Al-10.7zn-0.15Mn-10vol%Sic (15um),extruded (400C),CITIC Dicastal,www.dicastal.com/en/,2017,Global,,Percentage(%),,,,,,,,,,,"{'Mg': '89.85', 'Al': 9.0, 'Zn': 0.8, 'Mn': 0.2, 'Sb': 0.15}",,
Mg-9Al-10.7zn-0.15Mn-10vol%Sic (20um),extruded (400C),CITIC Dicastal,www.dicastal.com/en/,2017,Global,,Percentage(%),,,,,,,,,,,"{'Mg': '89.65', 'Al': 9.0, 'Zn': 0.8, 'Mn': 0.2, 'Sb': 0.35}",,
Mg-9Al-10.7zn-0.15Mn-10vol%Sic (25um),extruded (400C),CITIC Dicastal,www.dicastal.com/en/,2017,Global,,Percentage(%),,,,,,,,,,,"{'Mg': '89.3', 'Al': 9.0, 'Zn': 0.8, 'Mn': 0.2, 'Sb': 0.7}",,
Mg-9Al-10.7zn-0.15Mn-10vol%Sic (38um),extruded (400C),CITIC Dicastal,www.dicastal.com/en/,2017,Global,,Percentage(%),,,,,,,,,,,"{'Mg': '89', 'Al': 9.0, 'Zn': 0.8, 'Mn': 0.2, 'Sb': 1.0}",,
Mg-9Al-10.7zn-0.15Mn-10vol%Sic (50um),extruded (400C),CITIC Dicastal,www.dicastal.com/en/,2017,Global,,Percentage(%),,,,,,,,,,,"{'Mg': '80.15', 'Al': 9.0, 'Zn': 10.7, 'Mn': 0.15}",,
Mg/SiC (33.6 pct),"fluxless casting, extruded (350C)",CITIC Dicastal,www.dicastal.com/en/,2017,Global,,Percentage(%),,,,,,,,,,,"{'Mg': '80.15', 'Al': 9.0, 'Zn': 10.7, 'Mn': 0.15}",,
AZ91,as-cast F,CITIC Dicastal,www.dicastal.com/en/,2017,Global,,Percentage(%),,,,,,,,,,,"{'Mg': '80.15', 'Al': 9.0, 'Zn': 10.7, 'Mn': 0.15}",,
AZ91,as-cast T6,CITIC Dicastal,www.dicastal.com/en/,2017,Global,,Percentage(%),,,,,,,,,,,"{'Mg': '80.15', 'Al': 9.0, 'Zn': 10.7, 'Mn': 0.15}",,
ZK60,as-cast F,CITIC Dicastal,www.dicastal.com/en/,2017,Global,,Percentage(%),,,,,,,,,,,"{'Mg': '80.15', 'Al': 9.0, 'Zn': 10.7, 'Mn': 0.15}",,
ZK60,as-cast T5,CITIC Dicastal,www.dicastal.com/en/,2017,Global,,Percentage(%),,,,,,,,,,,{'Mg': '100'},,
AZ91,extruded (573K),CITIC Dicastal,www.dicastal.com/en/,2017,Global,,Percentage(%),,,,,,,,,,,"{'Mg': '90', 'Al': 9.0, 'Zn': 1.0}",,
ZK60,extruded (423K),CITIC Dicastal,www.dicastal.com/en/,2017,Global,,Percentage(%),,,,,,,,,,,"{'Mg': '90', 'Al': 9.0, 'Zn': 1.0}",,
Mg-5.5Li,"annealed, worm rolling (623K)",CITIC Dicastal,www.dicastal.com/en/,2017,Global,,Percentage(%),,,,,,,,,,,"{'Mg': '93.9', 'Zn': 5.54, 'Zr': 0.56}",,
Mg-8.5Li,"annealed, worm rolling (623K)",CITIC Dicastal,www.dicastal.com/en/,2017,Global,,Percentage(%),,,,,,,,,,,"{'Mg': '93.9', 'Zn': 5.54, 'Zr': 0.56}",,
Mg-8.5Li-1Y,"annealed, worm rolling (623K)",CITIC Dicastal,www.dicastal.com/en/,2017,Global,,Percentage(%),,,,,,,,,,,"{'Mg': '90', 'Al': 9.0, 'Zn': 1.0}",,
Mg-Al-Ca,extruded (285C),CITIC Dicastal,www.dicastal.com/en/,2017,Global,,Percentage(%),,,,,,,,,,,"{'Mg': '93.9', 'Zn': 5.54, 'Zr': 0.56}",,
Mg-Al-Ca,extruded (300C),CITIC Dicastal,www.dicastal.com/en/,2017,Global,,Percentage(%),,,,,,,,,,,"{'Mg': '94.5', 'Li': 5.5}",,
Mg-Al-Ca,extruded (400C),CITIC Dicastal,www.dicastal.com/en/,2017,Global,,Percentage(%),,,,,,,,,,,"{'Mg': '91.5', 'Li': 8.5}",,
Mg-20Al-15Ca,extruded (300C),CITIC Dicastal,www.dicastal.com/en/,2017,Global,,Percentage(%),,,,,,,,,,,"{'Mg': '90.5', 'Y': 1.0, 'Li': 8.5}",,
Mg-8Al-5Ga-3Zn,extruded (300C),CITIC Dicastal,www.dicastal.com/en/,2017,Global,,Percentage(%),,,,,,,,,,,"{'Mg': '85.6', 'Al': 9.1, 'Ca': 5.3}",,
Mg-9Al-6.5Ca,extruded (300C),CITIC Dicastal,www.dicastal.com/en/,2017,Global,,Percentage(%),,,,,,,,,,,"{'Mg': '85.6', 'Al': 9.1, 'Ca': 5.3}",,
Mg-9Al-1Zn-1.5Si,extruded (300C),CITIC Dicastal,www.dicastal.com/en/,2017,Global,,Percentage(%),,,,,,,,,,,"{'Mg': '85.6', 'Al': 9.1, 'Ca': 5.3}",,
Mg-11Si-4Al,extruded (300C),CITIC Dicastal,www.dicastal.com/en/,2017,Global,,Percentage(%),,,,,,,,,,,"{'Mg': '65', 'Al': 20.0, 'Ca': 15.0}",,
EA 55RS,extruded (300C),CITIC Dicastal,www.dicastal.com/en/,2017,Global,,Percentage(%),,,,,,,,,,,"{'Mg': '84', 'Al': 8.0, 'Zn': 3.0, 'Ga': 5.0}",,
AM20HP,high pressure die-cast (350C),CITIC Dicastal,www.dicastal.com/en/,2017,Global,,Percentage(%),,,,,,,,,,,"{'Mg': '84.5', 'Al': 9.0, 'Ca': 6.5}",,
AM50HP,high pressure die-cast (350C),CITIC Dicastal,www.dicastal.com/en/,2017,Global,,Percentage(%),,,,,,,,,,,"{'Mg': '88.5', 'Al': 9.0, 'Zn': 1.0, 'Si': 1.5}",,
AE42,high pressure die-cast (350C),CITIC Dicastal,www.dicastal.com/en/,2017,Global,,Percentage(%),,,,,,,,,,,"{'Mg': '85', 'Al': 4.0, 'Si': 11.0}",,
AS41,high pressure die-cast (350C),CITIC Dicastal,www.dicastal.com/en/,2017,Global,,Percentage(%),,,,,,,,,,,"{'Mg': '85', 'Al': 5.0, 'Zn': 5.0, 'Nd': 5.0}",,
AZ91,high pressure die-cast (350C),CITIC Dicastal,www.dicastal.com/en/,2017,Global,,Percentage(%),,,,,,,,,,,"{'Mg': '97.71', 'Al': 2.2, 'Zn': 0.01, 'Mn': 0.06, 'Si': 0.01}",,
ZA82,"die cast, casting at 700C, mold at 390C",CITIC Dicastal,www.dicastal.com/en/,2017,Global,,Percentage(%),,,,,,,,,,,"{'Mg': '94.71', 'Al': 5.1, 'Zn': 0.01, 'Mn': 0.15, 'Si': 0.01}",,
ZA84,"die cast, casting at 700C, mold at 390C",CITIC Dicastal,www.dicastal.com/en/,2017,Global,,Percentage(%),,,,,,,,,,,"{'Mg': '94.42', 'Al': 4.58, 'Mn': 0.24, 'Si': 0.75}",,
ZA86,"die cast, casting at 700C, mold at 390C",CITIC Dicastal,www.dicastal.com/en/,2017,Global,,Percentage(%),,,,,,,,,,,"{'Mg': '95.73', 'Al': 3.9, 'Mn': 0.35, 'Si': 0.01}",,
ZA102,"die cast, casting at 700C, mold at 390C",CITIC Dicastal,www.dicastal.com/en/,2017,Global,,Percentage(%),,,,,,,,,,,"{'Mg': '89.98', 'Al': 8.8, 'Zn': 0.99, 'Mn': 0.21, 'Si': 0.01}",,
ZA104,"die cast, casting at 700C, mold at 390C",CITIC Dicastal,www.dicastal.com/en/,2017,Global,,Percentage(%),,,,,,,,,,,"{'Mg': '90.15', 'Al': 1.93, 'Zn': 7.67, 'Mn': 0.25}",,
ZA106,"die cast, casting at 700C, mold at 390C",CITIC Dicastal,www.dicastal.com/en/,2017,Global,,Percentage(%),,,,,,,,,,,"{'Mg': '88.18', 'Al': 3.8, 'Zn': 7.69, 'Mn': 0.33}",,
ZA122,"die cast, casting at 700C, mold at 390C",CITIC Dicastal,www.dicastal.com/en/,2017,Global,,Percentage(%),,,,,,,,,,,"{'Mg': '86.63', 'Al': 5.36, 'Zn': 7.89, 'Mn': 0.12}",,
ZA124,"die cast, casting at 700C, mold at 390C",CITIC Dicastal,www.dicastal.com/en/,2017,Global,,Percentage(%),,,,,,,,,,,"{'Mg': '88.18', 'Al': 1.87, 'Zn': 9.7, 'Mn': 0.25}",,
ZA126,"die cast, casting at 700C, mold at 390C",CITIC Dicastal,www.dicastal.com/en/,2017,Global,,Percentage(%),,,,,,,,,,,"{'Mg': '86.33', 'Al': 3.69, 'Zn': 9.73, 'Mn': 0.25}",,
ZA142,"die cast, casting at 700C, mold at 390C",CITIC Dicastal,www.dicastal.com/en/,2017,Global,,Percentage(%),,,,,,,,,,,"{'Mg': '83.43', 'Al': 5.6, 'Zn': 10.8, 'Mn': 0.17}",,
ZA144,"die cast, casting at 700C, mold at 390C",CITIC Dicastal,www.dicastal.com/en/,2017,Global,,Percentage(%),,,,,,,,,,,"{'Mg': '85.6', 'Al': 2.09, 'Zn': 12.1, 'Mn': 0.21}",,
ZA146,"die cast, casting at 700C, mold at 390C",CITIC Dicastal,www.dicastal.com/en/,2017,Global,,Percentage(%),,,,,,,,,,,"{'Mg': '83.19', 'Al': 4.21, 'Zn': 12.2, 'Mn': 0.4}",,
AZ91D,as cast F,CITIC Dicastal,www.dicastal.com/en/,2017,Global,,Percentage(%),,,,,,,,,,,"{'Mg': '82.58', 'Al': 5.47, 'Zn': 11.8, 'Mn': 0.15}",,
AZ91D,sater quenched T4,CITIC Dicastal,www.dicastal.com/en/,2017,Global,,Percentage(%),,,,,,,,,,,"{'Mg': '84.65', 'Al': 1.73, 'Zn': 13.4, 'Mn': 0.22}",,
AZ91D,"water quenched, air cooled T6a",CITIC Dicastal,www.dicastal.com/en/,2017,Global,,Percentage(%),,,,,,,,,,,"{'Mg': '82.17', 'Al': 3.87, 'Zn': 13.8, 'Mn': 0.16}",,
AZ91D,"water quenched, air cooled T6b",CITIC Dicastal,www.dicastal.com/en/,2017,Global,,Percentage(%),,,,,,,,,,,"{'Mg': '79.27', 'Al': 6.17, 'Zn': 14.3, 'Mn': 0.26}",,
ML10,cast T6,CITIC Dicastal,www.dicastal.com/en/,2017,Global,,Percentage(%),,,,,,,,,,,"{'Mg': '90.09', 'Al': 9.0, 'Zn': 0.68, 'Mn': 0.17, 'Si': 0.05}",,
ML19,cast T6,CITIC Dicastal,www.dicastal.com/en/,2017,Global,,Percentage(%),,,,,,,,,,,"{'Mg': '90.09', 'Al': 9.0, 'Zn': 0.68, 'Mn': 0.17, 'Si': 0.05}",,
R/S Mg-11Si-4Al (dp = 0.7 𝞵m),as-extruded (623K),CITIC Dicastal,www.dicastal.com/en/,2017,Global,,Percentage(%),,,,,,,,,,,"{'Mg': '90.09', 'Al': 9.0, 'Zn': 0.68, 'Mn': 0.17, 'Si': 0.05}",,
R/S Mg-11Si-4Al (dp = 0.7 𝞵m),"extruded, annealed, quenched, extruded at 623K, annealed at 732K ",CITIC Dicastal,www.dicastal.com/en/,2017,Global,,Percentage(%),,,,,,,,,,,"{'Mg': '90.09', 'Al': 9.0, 'Zn': 0.68, 'Mn': 0.17, 'Si': 0.05}",,
R/S Mg-11Si-4Al (dp = 1.4 𝞵m),as-extruded (823K),CITIC Dicastal,www.dicastal.com/en/,2017,Global,,Percentage(%),,,,,,,,,,,"{'Mg': '99.25', 'Al': 0.02, 'Zn': 0.4, 'Nd': 2.5, 'Zr': 0.25, 'Cu': 0.03, 'Si': 0.03}",,
R/S Mg-11Si-4Al (dp = 1.4𝞵m),"extruded, annealed, quenched, extruded at 823K, annealed at 732K ",CITIC Dicastal,www.dicastal.com/en/,2017,Global,,Percentage(%),,,,,,,,,,,"{'Mg': '94.78', 'Al': 0.02, 'Zn': 0.4, 'Nd': 2.1, 'Zr': 0.52, 'Y': 2.1, 'Cu': 0.03, 'Si': 0.03}",,
R/S Mg-11Si-4Zn (dp = 0.8 𝞵m),as-extruded (573K),CITIC Dicastal,www.dicastal.com/en/,2017,Global,,Percentage(%),,,,,,,,,,,"{'Mg': '94.69', 'Al': 0.02, 'Zn': 0.41, 'Nd': 2.3, 'Zr': 0.5, 'Y': 2.0, 'Cu': 0.03, 'Si': 0.03}",,
R/S Mg-11Si-4Zn (dp = 0.8 𝞵m),"extruded, annealed, quenched, extruded at 573K, annealed at 732K ",CITIC Dicastal,www.dicastal.com/en/,2017,Global,,Percentage(%),,,,,,,,,,,"{'Mg': '95.35', 'Al': 0.02, 'Zn': 0.45, 'Nd': 2.0, 'Zr': 0.4, 'Y': 1.7, 'Cu': 0.03, 'Si': 0.03}",,
R/S Mg-11Si-4Zn (dp = 3.3 𝞵m),as-extruded (823K),CITIC Dicastal,www.dicastal.com/en/,2017,Global,,Percentage(%),,,,,,,,,,,"{'Mg': '99.3', 'Al': 0.02, 'Zn': 0.35, 'Nd': 1.95, 'Zr': 0.25, 'Y': 1.8, 'Cu': 0.03, 'Si': 0.03}",,
R/S Mg-11Si-4Zn (dp = 3.3 𝞵m),"extruded, annealed, quenched, extruded at 823K, annealed at 732K ",CITIC Dicastal,www.dicastal.com/en/,2017,Global,,Percentage(%),,,,,,,,,,,"{'Mg': '85.4', 'Al': 4.0, 'Si': 10.6}",,
I/M Mg-4Si-4Zn (dp = 76 𝞵m),as-extruded (573K),CITIC Dicastal,www.dicastal.com/en/,2017,Global,,Percentage(%),,,,,,,,,,,"{'Mg': '85.4', 'Al': 4.0, 'Si': 10.6}",,
I/M Mg-4Si-4Zn (dp = 76 𝞵m),"extruded, annealed, quenched, extruded at 573K, annealed at 732K ",CITIC Dicastal,www.dicastal.com/en/,2017,Global,,Percentage(%),,,,,,,,,,,"{'Mg': '85.4', 'Al': 4.0, 'Si': 10.6}",,
I/M Mg 6Si (dp = 63 𝞵m),as-extruded (573K),CITIC Dicastal,www.dicastal.com/en/,2017,Global,,Percentage(%),,,,,,,,,,,"{'Mg': '85.4', 'Al': 4.0, 'Si': 10.6}",,
I/M Mg 6Si (dp = 63 𝞵m),"extruded, annealed, quenched, extruded at 573K, annealed at 732K ",CITIC Dicastal,www.dicastal.com/en/,2017,Global,,Percentage(%),,,,,,,,,,,"{'Mg': '85', 'Zn': 4.0, 'Si': 11.0}",,
I/M Mg-13Si-4Al (dp = 41 𝞵m),as-extruded (573K),CITIC Dicastal,www.dicastal.com/en/,2017,Global,,Percentage(%),,,,,,,,,,,"{'Mg': '85', 'Zn': 4.0, 'Si': 11.0}",,
I/M Mg-13Si-4Al (dp = 41 𝞵m),"extruded, annealed, quenched, extruded at 573K, annealed at 732K ",CITIC Dicastal,www.dicastal.com/en/,2017,Global,,Percentage(%),,,,,,,,,,,"{'Mg': '85', 'Zn': 4.0, 'Si': 11.0}",,
AZ91,as-extruded (250C),CITIC Dicastal,www.dicastal.com/en/,2017,Global,,Percentage(%),,,,,,,,,,,"{'Mg': '85', 'Zn': 4.0, 'Si': 11.0}",,
AZ151,as-extruded (250C),CITIC Dicastal,www.dicastal.com/en/,2017,Global,,Percentage(%),,,,,,,,,,,"{'Mg': '92', 'Zn': 4.0, 'Si': 4.0}",,
ACa54,as-extruded (300C),CITIC Dicastal,www.dicastal.com/en/,2017,Global,,Percentage(%),,,,,,,,,,,"{'Mg': '92', 'Zn': 4.0, 'Si': 4.0}",,
ZE41,as-extruded (300C),CITIC Dicastal,www.dicastal.com/en/,2017,Global,,Percentage(%),,,,,,,,,,,"{'Mg': '94', 'Si': 6.0}",,
Unreinforced AZ91,"squeeze casting, extruded, T6, extruded at 335C",CITIC Dicastal,www.dicastal.com/en/,2017,Global,,Percentage(%),,,,,,,,,,,"{'Mg': '94', 'Si': 6.0}",,
Mg-9Al-1Zn-5La,extruded (340C),CITIC Dicastal,www.dicastal.com/en/,2017,Global,,Percentage(%),,,,,,,,,,,"{'Mg': '83', 'Al': 4.0, 'Si': 13.0}",,
Mg-9Al-1Zn-5La,extruded (230C),CITIC Dicastal,www.dicastal.com/en/,2017,Global,,Percentage(%),,,,,,,,,,,"{'Mg': '83', 'Al': 4.0, 'Si': 13.0}",,
Mg-9Al-1Zn-5Nd,extruded (340C),CITIC Dicastal,www.dicastal.com/en/,2017,Global,,Percentage(%),,,,,,,,,,,"{'Mg': '90.17', 'Al': 9.04, 'Zn': 0.63, 'Mn': 0.16}",,
Mg-5Al-5Zn-5Nd,extruded (250C),CITIC Dicastal,www.dicastal.com/en/,2017,Global,,Percentage(%),,,,,,,,,,,"{'Mg': '83.83', 'Al': 15.0, 'Zn': 0.98, 'Mn': 0.19}",,
EA55RS,extruded (250C),CITIC Dicastal,www.dicastal.com/en/,2017,Global,,Percentage(%),,,,,,,,,,,"{'Mg': '91.39', 'Al': 5.07, 'Ca': 3.54}",,
Mg-Li,extruded,CITIC Dicastal,www.dicastal.com/en/,2017,Global,,Percentage(%),,,,,,,,,,,"{'Mg': '94.41', 'Zn': 4.37, 'Ce': 0.78, 'La': 0.32, 'Zr': 0.12}",,
unreinforced AZ91,as-cast T4,CITIC Dicastal,www.dicastal.com/en/,2017,Global,,Percentage(%),,,,,,,,,,,"{'Mg': '89.71', 'Al': 9.0, 'Zn': 1.0, 'Mn': 0.15, 'Cu': 0.03, 'Si': 0.1}",,
Mg-8Al-2Ga,extruded (453K),CITIC Dicastal,www.dicastal.com/en/,2017,Global,,Percentage(%),,,,,,,,,,,"{'Mg': '85.33', 'Al': 8.6, 'Zn': 1.1, 'La': 4.9}",,
Mg-9Al-2Ga,extruded (453K),CITIC Dicastal,www.dicastal.com/en/,2017,Global,,Percentage(%),,,,,,,,,,,"{'Mg': '86.05', 'Al': 8.2, 'Zn': 1.0, 'La': 4.7}",,
Mg-8Al-3Ga,extruded (453K),CITIC Dicastal,www.dicastal.com/en/,2017,Global,,Percentage(%),,,,,,,,,,,"{'Mg': '85', 'Al': 9.0, 'Zn': 1.0, 'La': 5.0}",,
Mg-8Al-2Ga-Zn,extruded (453K),CITIC Dicastal,www.dicastal.com/en/,2017,Global,,Percentage(%),,,,,,,,,,,"{'Mg': '86.08', 'Al': 8.5, 'Zn': 1.1, 'Nd': 4.3}",,
AZ91D,extruded (453K),CITIC Dicastal,www.dicastal.com/en/,2017,Global,,Percentage(%),,,,,,,,,,,"{'Mg': '85', 'Al': 5.0, 'Zn': 5.0, 'Nd': 5.0}",,
Mg-20Gd,as-cast T6,CITIC Dicastal,www.dicastal.com/en/,2017,Global,,Percentage(%),,,,,,,,,,,"{'Mg': '85.1', 'Al': 5.0, 'Zn': 5.0, 'Nd': 4.9}",,
AZ91D,as-cast T6,CITIC Dicastal,www.dicastal.com/en/,2017,Global,,Percentage(%),,,,,,,,,,,"{'Mg': '94.7', 'Al': 1.2, 'Li': 4.1}",,
WE54A,as-cast T6,CITIC Dicastal,www.dicastal.com/en/,2017,Global,,Percentage(%),,,,,,,,,,,"{'Mg': '90.08', 'Al': 8.9, 'Zn': 0.81, 'Mn': 0.2, 'Si': 0.01}",,
AZ91D,die-cast (576C),CITIC Dicastal,www.dicastal.com/en/,2017,Global,,Percentage(%),,,,,,,,,,,"{'Mg': '90', 'Al': 8.0, 'Ga': 2.0}",,
AZ91D,as-cast (576C),CITIC Dicastal,www.dicastal.com/en/,2017,Global,,Percentage(%),,,,,,,,,,,"{'Mg': '89', 'Al': 9.0, 'Ga': 2.0}",,
AZ91D,rheocast (576C),CITIC Dicastal,www.dicastal.com/en/,2017,Global,,Percentage(%),,,,,,,,,,,"{'Mg': '89', 'Al': 8.0, 'Ga': 3.0}",,
AZ91D,"as-cast, extruded (576C)",CITIC Dicastal,www.dicastal.com/en/,2017,Global,,Percentage(%),,,,,,,,,,,"{'Mg': '89', 'Al': 8.0, 'Zn': 1.0, 'Ga': 2.0}",,
AZ91D,"rheocast, extruded (576C)",CITIC Dicastal,www.dicastal.com/en/,2017,Global,,Percentage(%),,,,,,,,,,,"{'Mg': '89.81', 'Al': 9.1, 'Zn': 0.85, 'Mn': 0.15, 'Si': 0.05}",,
AZ91C,cast F,CITIC Dicastal,www.dicastal.com/en/,2017,Global,,Percentage(%),,,,,,,,,,,"{'Mg': '79.98', 'Mn': 0.01, 'Zr': 0.27, 'Gd': 19.7, 'Cu': 0.01, 'Si': 0.01}",,
AZ91C,cast T4,CITIC Dicastal,www.dicastal.com/en/,2017,Global,,Percentage(%),,,,,,,,,,,"{'Mg': '89.81', 'Al': 9.1, 'Zn': 0.85, 'Mn': 0.15, 'Si': 0.05}",,
AZ91C,cast T6,CITIC Dicastal,www.dicastal.com/en/,2017,Global,,Percentage(%),,,,,,,,,,,"{'Mg': '90.58', 'Zn': 0.2, 'Mn': 0.15, 'Ce': 1.0, 'La': 1.0, 'Nd': 1.0, 'Zr': 0.7, 'Y': 5.13, 'Cu': 0.03, 'Si': 0.01}",,
"Magnesium, EZ33A, cast, T5",EZ33Acast T5,CITIC Dicastal,www.dicastal.com/en/,2017,Global,,Percentage(%),,,,,,,,,,,"{'Mg': '90.1', 'Al': 9.0, 'Zn': 0.7, 'Mn': 0.15, 'Cu': 0.02, 'Si': 0.02}",,
"Magnesium, Mg-12Li, cast",Mg-12Licast,CITIC Dicastal,www.dicastal.com/en/,2017,Global,,Percentage(%),,,,,,,,,,,"{'Mg': '90.1', 'Al': 9.0, 'Zn': 0.7, 'Mn': 0.15, 'Cu': 0.02, 'Si': 0.02}",,
"Magnesium, AS21A, cast",AS21Acast,CITIC Dicastal,www.dicastal.com/en/,2017,Global,,Percentage(%),,,,,,,,,,,"{'Mg': '90.1', 'Al': 9.0, 'Zn': 0.7, 'Mn': 0.15, 'Cu': 0.02, 'Si': 0.02}",,
"Magnesium, AM20, cast",AM20cast,CITIC Dicastal,www.dicastal.com/en/,2017,Global,,Percentage(%),,,,,,,,,,,"{'Mg': '90.1', 'Al': 9.0, 'Zn': 0.7, 'Mn': 0.15, 'Cu': 0.02, 'Si': 0.02}",,
"Magnesium, ZE41A, cast, T5",ZE41Acast T5,CITIC Dicastal,www.dicastal.com/en/,2017,Global,,Percentage(%),,,,,,,,,,,"{'Mg': '90.1', 'Al': 9.0, 'Zn': 0.7, 'Mn': 0.15, 'Cu': 0.02, 'Si': 0.02}",,
"Magnesium, AM100A, cast, T6",AM100Acast T6,CITIC Dicastal,www.dicastal.com/en/,2017,Global,,Percentage(%),,,,,,,,,,,"{'Mg': '90.03', 'Al': 8.7, 'Zn': 0.7, 'Mn': 0.13, 'Cu': 0.1, 'Si': 0.3}",,
"Magnesium, Z6",Z6,CITIC Dicastal,www.dicastal.com/en/,2017,Global,,Percentage(%),,,,,,,,,,,"{'Mg': '90.03', 'Al': 8.7, 'Zn': 0.7, 'Mn': 0.13, 'Cu': 0.1, 'Si': 0.3}",,
"Magnesium, AZ92A, cast, T6",AZ92Acast T6,CITIC Dicastal,www.dicastal.com/en/,2017,Global,,Percentage(%),,,,,,,,,,,"{'Mg': '90.03', 'Al': 8.7, 'Zn': 0.7, 'Mn': 0.13, 'Cu': 0.1, 'Si': 0.3}",,
"Magnesium, AM50A, cast",AM50Acast,CITIC Dicastal,www.dicastal.com/en/,2017,Global,,Percentage(%),,,,,,,,,,,"{'Mg': '93.44', 'Zn': 2.56, 'Ce': 1.65, 'La': 0.8, 'Nd': 0.8, 'Zr': 0.75}",,
"Magnesium, commercial purity, ASTM 9980A",ASTM 9980A,CITIC Dicastal,www.dicastal.com/en/,2017,Global,,Percentage(%),,,,,,,,,,,"{'Mg': '88', 'Li': 12.0}",,
"Magnesium, AE42, cast, F",AE42cast F,CITIC Dicastal,www.dicastal.com/en/,2017,Global,,Percentage(%),,,,,,,,,,,"{'Mg': '96.35', 'Al': 2.3, 'Mn': 0.4, 'Si': 0.95}",,
"Magnesium, AM60A, cast",AM60Acast,CITIC Dicastal,www.dicastal.com/en/,2017,Global,,Percentage(%),,,,,,,,,,,"{'Mg': '97.25', 'Al': 2.23, 'Mn': 0.53}",,
"Magnesium, AZ61A, cast",AZ61Acast,CITIC Dicastal,www.dicastal.com/en/,2017,Global,,Percentage(%),,,,,,,,,,,"{'Mg': '93.78', 'Zn': 4.26, 'Ce': 0.65, 'La': 0.33, 'Nd': 0.28, 'Zr': 0.7}",,
"Magnesium, AZ81A, cast",AZ81Acast,CITIC Dicastal,www.dicastal.com/en/,2017,Global,,Percentage(%),,,,,,,,,,,"{'Mg': '89.4', 'Al': 10.38, 'Mn': 0.23}",,
"Magnesium, AS41A, cast",AS41Acast,CITIC Dicastal,www.dicastal.com/en/,2017,Global,,Percentage(%),,,,,,,,,,,"{'Mg': '94', 'Zn': 6.0}",,
"Magnesium, AM60B, cast, F",AM60Bcast F,CITIC Dicastal,www.dicastal.com/en/,2017,Global,,Percentage(%),,,,,,,,,,,"{'Mg': '88.5', 'Al': 9.28, 'Zn': 2.0, 'Mn': 0.23}",,
"Magnesium, AS21B, cast, F",AS21Bcast F,CITIC Dicastal,www.dicastal.com/en/,2017,Global,,Percentage(%),,,,,,,,,,,"{'Mg': '94.5', 'Al': 5.07, 'Mn': 0.43}",,
"Magnesium, AS41B, cast, F",AS41Bcast F,CITIC Dicastal,www.dicastal.com/en/,2017,Global,,Percentage(%),,,,,,,,,,,{'Mg': '100'},,
"Magnesium, ZM21",ZM21,CITIC Dicastal,www.dicastal.com/en/,2017,Global,,Percentage(%),,,,,,,,,,,"{'Mg': '93.05', 'Al': 4.15, 'Mn': 0.3, 'Ce': 1.5, 'La': 0.5, 'Nd': 0.5}",,
"Magnesium, QE22A, cast, T6",QE22Acast T6,CITIC Dicastal,www.dicastal.com/en/,2017,Global,,Percentage(%),,,,,,,,,,,"{'Mg': '93.63', 'Al': 6.0, 'Mn': 0.37}",,
"Magnesium, AZ31B",AZ31B,CITIC Dicastal,www.dicastal.com/en/,2017,Global,,Percentage(%),,,,,,,,,,,"{'Mg': '92.1', 'Al': 6.63, 'Zn': 0.95, 'Mn': 0.33}",,
"Magnesium, AE44, cast, F",AE44cast F,CITIC Dicastal,www.dicastal.com/en/,2017,Global,,Percentage(%),,,,,,,,,,,"{'Mg': '91.3', 'Al': 7.76, 'Zn': 0.7, 'Mn': 0.24}",,
"Magnesium, AZ91D, cast, F",AZ91Dcast F,CITIC Dicastal,www.dicastal.com/en/,2017,Global,,Percentage(%),,,,,,,,,,,"{'Mg': '94.3', 'Al': 4.35, 'Mn': 0.35, 'Si': 1.0}",,
"Magnesium, ZC63A, cast",ZC63Acast,CITIC Dicastal,www.dicastal.com/en/,2017,Global,,Percentage(%),,,,,,,,,,,"{'Mg': '93.45', 'Al': 6.13, 'Mn': 0.42}",,
"Magnesium, WE43A, cast",WE43Acast,CITIC Dicastal,www.dicastal.com/en/,2017,Global,,Percentage(%),,,,,,,,,,,"{'Mg': '96.45', 'Al': 2.35, 'Mn': 0.1, 'Ce': 0.09, 'La': 0.04, 'Nd': 0.03, 'Si': 0.95}",,
"Magnesium, EQ21A, cast",EQ21Acast,CITIC Dicastal,www.dicastal.com/en/,2017,Global,,Percentage(%),,,,,,,,,,,"{'Mg': '94.15', 'Al': 4.33, 'Mn': 0.53, 'Si': 1.0}",,
"Magnesium, WE43A, T6",WE43A T6,CITIC Dicastal,www.dicastal.com/en/,2017,Global,,Percentage(%),,,,,,,,,,,"{'Mg': '97.02', 'Zn': 2.03, 'Mn': 0.95}",,
"Magnesium, WE43B, cast, T6",WE43Bcast T6,CITIC Dicastal,www.dicastal.com/en/,2017,Global,,Percentage(%),,,,,,,,,,,"{'Mg': '94.64', 'Ce': 1.15, 'La': 0.5, 'Nd': 0.5, 'Zr': 0.7, 'Ag': 2.51}",,
"Magnesium, AZ91C, cast, T6",AZ91Ccast T6,CITIC Dicastal,www.dicastal.com/en/,2017,Global,,Percentage(%),,,,,,,,,,,"{'Mg': '95.3', 'Al': 3.1, 'Zn': 1.0, 'Mn': 0.6}",,
"Magnesium, Elektron 21, T6",Elektron 21 T6,CITIC Dicastal,www.dicastal.com/en/,2017,Global,,Percentage(%),,,,,,,,,,,"{'Mg': '91.55', 'Al': 4.15, 'Mn': 0.3, 'Ce': 2.0, 'La': 1.0, 'Nd': 1.0}",,
"Magnesium, WE54A, cast",WE54Acast,CITIC Dicastal,www.dicastal.com/en/,2017,Global,,Percentage(%),,,,,,,,,,,"{'Mg': '89.95', 'Al': 9.05, 'Zn': 0.68, 'Mn': 0.33}",,
"Magnesium, WE54A, T6",WE54A T6,CITIC Dicastal,www.dicastal.com/en/,2017,Global,,Percentage(%),,,,,,,,,,,"{'Mg': '90.79', 'Zn': 6.01, 'Mn': 0.5, 'Cu': 2.7}",,
"Magnesium, AZ80A, T5",AZ80A T5,CITIC Dicastal,www.dicastal.com/en/,2017,Global,,Percentage(%),,,,,,,,,,,"{'Mg': '92.95', 'Nd': 2.28, 'Zr': 0.71, 'Y': 4.06}",,
"Magnesium, AZ61A",AZ61A,CITIC Dicastal,www.dicastal.com/en/,2017,Global,,Percentage(%),,,,,,,,,,,"{'Mg': '95.47', 'Ce': 1.15, 'La': 0.6, 'Nd': 0.5, 'Zr': 0.7, 'Ag': 1.5, 'Cu': 0.08}",,
"Magnesium, Elektron ZW3, F",Elektron ZW3 F,CITIC Dicastal,www.dicastal.com/en/,2017,Global,,Percentage(%),,,,,,,,,,,"{'Mg': '92.95', 'Nd': 2.28, 'Zr': 0.71, 'Y': 4.06}",,
"Magnesium, ZK60A-F",ZK60A F,CITIC Dicastal,www.dicastal.com/en/,2017,Global,,Percentage(%),,,,,,,,,,,"{'Mg': '92.97', 'Nd': 2.28, 'Zr': 0.71, 'Y': 4.04}",,
"Magnesium, ZC71",ZC71,CITIC Dicastal,www.dicastal.com/en/,2017,Global,,Percentage(%),,,,,,,,,,,"{'Mg': '90.15', 'Al': 8.91, 'Zn': 0.7, 'Mn': 0.24}",,
"Magnesium, ZK60A-T5",ZK60A T5,CITIC Dicastal,www.dicastal.com/en/,2017,Global,,Percentage(%),,,,,,,,,,,"{'Mg': '94.75', 'Zn': 0.35, 'Nd': 2.85, 'Zr': 0.7, 'Gd': 1.35}",,
"Magnesium, EA55RS, T4",EA55RS T4,CITIC Dicastal,www.dicastal.com/en/,2017,Global,,Percentage(%),,,,,,,,,,,"{'Mg': '92.32', 'Nd': 1.78, 'Zr': 0.71, 'Y': 5.2}",,
Magnesium,Annealed Sheet,CITIC Dicastal,www.dicastal.com/en/,2017,Global,,Percentage(%),,,,,,,,,,,"{'Mg': '92.32', 'Nd': 1.78, 'Zr': 0.71, 'Y': 5.2}",,
Magnesium,Extruded,CITIC Dicastal,www.dicastal.com/en/,2017,Global,,Percentage(%),,,,,,,,,,,"{'Mg': '90.6', 'Al': 8.59, 'Zn': 0.5, 'Mn': 0.31}",,
Magnesium,Hard-Rolled Sheet,CITIC Dicastal,www.dicastal.com/en/,2017,Global,,Percentage(%),,,,,,,,,,,"{'Mg': '92.1', 'Al': 6.63, 'Zn': 0.95, 'Mn': 0.33}",,
Magnesium,Sand Cast,CITIC Dicastal,www.dicastal.com/en/,2017,Global,,Percentage(%),,,,,,,,,,,"{'Mg': '96.15', 'Zn': 3.25, 'Zr': 0.6}",,
Magnesium AE42-F,Die Cast F,CITIC Dicastal,www.dicastal.com/en/,2017,Global,,Percentage(%),,,,,,,,,,,"{'Mg': '94.05', 'Zn': 5.5, 'Zr': 0.45}",,
Magnesium AM100A-F,Cast F,CITIC Dicastal,www.dicastal.com/en/,2017,Global,,Percentage(%),,,,,,,,,,,"{'Mg': '91.6', 'Zn': 6.5, 'Mn': 0.7, 'Cu': 1.2}",,
Magnesium AM100A-T4,Cast T4,CITIC Dicastal,www.dicastal.com/en/,2017,Global,,Percentage(%),,,,,,,,,,,"{'Mg': '94.05', 'Zn': 5.5, 'Zr': 0.45}",,
Magnesium AM100A-T5,Cast T5,CITIC Dicastal,www.dicastal.com/en/,2017,Global,,Percentage(%),,,,,,,,,,,"{'Mg': '85.1', 'Al': 5.0, 'Zn': 5.0, 'Nd': 4.9}",,
Magnesium AM100A-T6,Cast T6,CITIC Dicastal,www.dicastal.com/en/,2017,Global,,Percentage(%),,,,,,,,,,,{'Mg': '100'},,
Magnesium AM100A-T61,Sand Cast T61,CITIC Dicastal,www.dicastal.com/en/,2017,Global,,Percentage(%),,,,,,,,,,,{'Mg': '100'},,
Magnesium AM100A-T7,Cast T7,CITIC Dicastal,www.dicastal.com/en/,2017,Global,,Percentage(%),,,,,,,,,,,{'Mg': '100'},,
Magnesium AM20-F,Die Cast F,CITIC Dicastal,www.dicastal.com/en/,2017,Global,,Percentage(%),,,,,,,,,,,{'Mg': '100'},,
Magnesium AM50A-F,Die Cast F,CITIC Dicastal,www.dicastal.com/en/,2017,Global,,Percentage(%),,,,,,,,,,,"{'Mg': '93.4', 'Al': 4.0, 'Mn': 0.1}",,
Magnesium AM60A-F,Die Cast F,CITIC Dicastal,www.dicastal.com/en/,2017,Global,,Percentage(%),,,,,,,,,,,"{'Mg': '90', 'Al': 10.0, 'Zn': 0.3, 'Mn': 0.1, 'Cu': 0.1, 'Si': 0.3}",,
Magnesium AM60B-F,Die Cast F,CITIC Dicastal,www.dicastal.com/en/,2017,Global,,Percentage(%),,,,,,,,,,,"{'Mg': '90', 'Al': 10.0, 'Zn': 0.3, 'Mn': 0.1, 'Cu': 0.1, 'Si': 0.3}",,
Magnesium AS21-F,Die Cast F,CITIC Dicastal,www.dicastal.com/en/,2017,Global,,Percentage(%),,,,,,,,,,,"{'Mg': '90', 'Al': 10.0, 'Zn': 0.3, 'Mn': 0.1, 'Cu': 0.1, 'Si': 0.3}",,
Magnesium AS41A-F,Die Cast F,CITIC Dicastal,www.dicastal.com/en/,2017,Global,,Percentage(%),,,,,,,,,,,"{'Mg': '90', 'Al': 10.0, 'Zn': 0.3, 'Mn': 0.1, 'Cu': 0.1, 'Si': 0.3}",,
Magnesium AS41B-F,Die Cast F,CITIC Dicastal,www.dicastal.com/en/,2017,Global,,Percentage(%),,,,,,,,,,,"{'Mg': '90', 'Al': 10.0, 'Zn': 0.3, 'Mn': 0.1, 'Cu': 0.1, 'Si': 0.3}",,
Magnesium AS41XA-F,Die Cast F,CITIC Dicastal,www.dicastal.com/en/,2017,Global,,Percentage(%),,,,,,,,,,,"{'Mg': '90', 'Al': 10.0, 'Zn': 0.3, 'Mn': 0.1, 'Cu': 0.1, 'Si': 0.3}",,
Magnesium AS41XB-F,Die Cast F,CITIC Dicastal,www.dicastal.com/en/,2017,Global,,Percentage(%),,,,,,,,,,,"{'Mg': '97.8', 'Al': 2.1, 'Mn': 0.1}",,
Magnesium AZ10A Wrought Alloy (UNS M11100),Wrought,CITIC Dicastal,www.dicastal.com/en/,2017,Global,,Percentage(%),,,,,,,,,,,"{'Mg': '94.8', 'Al': 4.9, 'Zn': 0.22, 'Mn': 0.43, 'Cu': 0.01, 'Si': 0.1}",,
Magnesium AZ10A-F,Extruded F,CITIC Dicastal,www.dicastal.com/en/,2017,Global,,Percentage(%),,,,,,,,,,,"{'Mg': '94', 'Al': 6.0, 'Zn': 0.22, 'Mn': 0.37, 'Cu': 0.35, 'Si': 0.5}",,
Magnesium AZ31B,Extruded Hollow Shapes,CITIC Dicastal,www.dicastal.com/en/,2017,Global,,Percentage(%),,,,,,,,,,,"{'Mg': '94', 'Al': 6.0, 'Zn': 0.22, 'Mn': 0.43, 'Cu': 0.01, 'Si': 0.1}",,
Magnesium AZ31B,Forgings,CITIC Dicastal,www.dicastal.com/en/,2017,Global,,Percentage(%),,,,,,,,,,,"{'Mg': '96.7', 'Al': 2.2, 'Mn': 0.1, 'Si': 1.0}",,
Magnesium AZ31B T1 Wrought Alloy (UNS M11311),Wrought Alloy T1,CITIC Dicastal,www.dicastal.com/en/,2017,Global,,Percentage(%),,,,,,,,,,,"{'Mg': '94.6', 'Al': 4.25, 'Zn': 0.12, 'Mn': 0.35, 'Cu': 0.06, 'Si': 1.0}",,
Magnesium AZ31B-F,Extruded Solid Shapes F,CITIC Dicastal,www.dicastal.com/en/,2017,Global,,Percentage(%),,,,,,,,,,,"{'Mg': '94.6', 'Al': 4.25, 'Zn': 0.12, 'Mn': 0.35, 'Cu': 0.02, 'Si': 1.0}",,
Magnesium AZ31B-H24,Hard Rolled Sheet H24,CITIC Dicastal,www.dicastal.com/en/,2017,Global,,Percentage(%),,,,,,,,,,,"{'Mg': '94', 'Al': 4.25, 'Zn': 0.12, 'Mn': 0.35, 'Cu': 0.06, 'Si': 1.0}",,
Magnesium AZ31B-H26,Hard Rolled Sheet H26,CITIC Dicastal,www.dicastal.com/en/,2017,Global,,Percentage(%),,,,,,,,,,,"{'Mg': '94', 'Al': 4.25, 'Zn': 0.12, 'Mn': 0.35, 'Cu': 0.02, 'Si': 1.0}",,
Magnesium AZ31B-O,Annealed Sheet O,CITIC Dicastal,www.dicastal.com/en/,2017,Global,,Percentage(%),,,,,,,,,,,"{'Mg': '98', 'Al': 1.5}",,
Magnesium AZ31C-F,Extruded Solid Shapes F,CITIC Dicastal,www.dicastal.com/en/,2017,Global,,Percentage(%),,,,,,,,,,,"{'Mg': '98', 'Al': 1.25, 'Zn': 0.4, 'Mn': 0.2, 'Ca': 0.04, 'Cu': 0.1, 'Si': 0.1}",,
Magnesium AZ61A-F,Extruded Hollow Shapes F,CITIC Dicastal,www.dicastal.com/en/,2017,Global,,Percentage(%),,,,,,,,,,,"{'Mg': '96', 'Al': 3.0, 'Zn': 1.0, 'Mn': 0.2, 'Ca': 0.04, 'Cu': 0.05, 'Si': 0.1}",,
Magnesium AZ61A-F,Extruded Solid Shapes F,CITIC Dicastal,www.dicastal.com/en/,2017,Global,,Percentage(%),,,,,,,,,,,"{'Mg': '96', 'Al': 3.0, 'Zn': 1.0, 'Mn': 0.2, 'Ca': 0.04, 'Cu': 0.05, 'Si': 0.1}",,
Magnesium AZ61A-F,Forgings F,CITIC Dicastal,www.dicastal.com/en/,2017,Global,,Percentage(%),,,,,,,,,,,"{'Mg': '96', 'Al': 3.0, 'Zn': 1.0}",,
Magnesium AZ63 T1 Cast Alloy (UNS M11630),Cast T1,CITIC Dicastal,www.dicastal.com/en/,2017,Global,,Percentage(%),,,,,,,,,,,"{'Mg': '96', 'Al': 3.0, 'Zn': 1.0, 'Mn': 0.2, 'Ca': 0.04, 'Cu': 0.05, 'Si': 0.1}",,
Magnesium AZ63A-F,Sand Cast F,CITIC Dicastal,www.dicastal.com/en/,2017,Global,,Percentage(%),,,,,,,,,,,"{'Mg': '96', 'Al': 3.0, 'Zn': 1.0, 'Mn': 0.2, 'Ca': 0.04, 'Cu': 0.05, 'Si': 0.1}",,
Magnesium AZ63A-T4,Sand Cast T4,CITIC Dicastal,www.dicastal.com/en/,2017,Global,,Percentage(%),,,,,,,,,,,"{'Mg': '96', 'Al': 3.0, 'Zn': 1.0, 'Mn': 0.2, 'Ca': 0.04, 'Cu': 0.05, 'Si': 0.1}",,
Magnesium AZ63A-T5,Sand Cast T5,CITIC Dicastal,www.dicastal.com/en/,2017,Global,,Percentage(%),,,,,,,,,,,"{'Mg': '96', 'Al': 3.0, 'Zn': 1.0, 'Mn': 0.2, 'Ca': 0.04, 'Cu': 0.05, 'Si': 0.1}",,
Magnesium AZ63A-T6,Sand Cast T61,CITIC Dicastal,www.dicastal.com/en/,2017,Global,,Percentage(%),,,,,,,,,,,"{'Mg': '97', 'Al': 3.0, 'Zn': 1.0, 'Mn': 0.15, 'Cu': 0.1, 'Si': 0.1}",,
Magnesium AZ63A-T7,Sand Cast T7,CITIC Dicastal,www.dicastal.com/en/,2017,Global,,Percentage(%),,,,,,,,,,,"{'Mg': '92', 'Al': 6.5, 'Zn': 0.95, 'Mn': 0.15, 'Cu': 0.05, 'Si': 0.1}",,
Magnesium AZ80A T4 Wrought Alloy (UNS M11800),Wrought T4,CITIC Dicastal,www.dicastal.com/en/,2017,Global,,Percentage(%),,,,,,,,,,,"{'Mg': '92', 'Al': 6.5, 'Zn': 0.95, 'Mn': 0.15, 'Cu': 0.05, 'Si': 0.1}",,
Magnesium AZ80A-F,Extruded F,CITIC Dicastal,www.dicastal.com/en/,2017,Global,,Percentage(%),,,,,,,,,,,"{'Mg': '92', 'Al': 6.5, 'Zn': 0.95, 'Mn': 0.15, 'Cu': 0.05, 'Si': 0.1}",,
Magnesium AZ80A-F,Forged F,CITIC Dicastal,www.dicastal.com/en/,2017,Global,,Percentage(%),,,,,,,,,,,"{'Mg': '90.7', 'Al': 6.0, 'Si': 0.3}",,
Magnesium AZ80A-T5,Extruded T5,CITIC Dicastal,www.dicastal.com/en/,2017,Global,,Percentage(%),,,,,,,,,,,"{'Mg': '91', 'Al': 6.0, 'Zn': 3.0, 'Mn': 0.15, 'Cu': 0.25, 'Si': 0.3}",,
Magnesium AZ80A-T5,Forged T5,CITIC Dicastal,www.dicastal.com/en/,2017,Global,,Percentage(%),,,,,,,,,,,"{'Mg': '91', 'Al': 6.0, 'Zn': 3.0, 'Mn': 0.15, 'Cu': 0.25, 'Si': 0.3}",,
Magnesium AZ80A-T6,Forged T6,CITIC Dicastal,www.dicastal.com/en/,2017,Global,,Percentage(%),,,,,,,,,,,"{'Mg': '91', 'Al': 6.0, 'Zn': 3.0, 'Mn': 0.15, 'Cu': 0.25, 'Si': 0.3}",,
Magnesium AZ81A-T4,Cast T4,CITIC Dicastal,www.dicastal.com/en/,2017,Global,,Percentage(%),,,,,,,,,,,"{'Mg': '91', 'Al': 6.0, 'Zn': 3.0, 'Mn': 0.15, 'Cu': 0.25, 'Si': 0.3}",,
Magnesium AZ91A-F,Die Cast F,CITIC Dicastal,www.dicastal.com/en/,2017,Global,,Percentage(%),,,,,,,,,,,"{'Mg': '91', 'Al': 6.0, 'Zn': 3.0, 'Mn': 0.15, 'Cu': 0.25, 'Si': 0.3}",,
Magnesium AZ91B-F,Die Cast F,CITIC Dicastal,www.dicastal.com/en/,2017,Global,,Percentage(%),,,,,,,,,,,"{'Mg': '91.5', 'Al': 8.0, 'Zn': 0.5}",,
Magnesium AZ91C-F,Cast F,CITIC Dicastal,www.dicastal.com/en/,2017,Global,,Percentage(%),,,,,,,,,,,"{'Mg': '91', 'Al': 8.5, 'Zn': 0.5, 'Mn': 0.12, 'Cu': 0.05, 'Si': 0.1}",,
Magnesium AZ91C-T4,Cast T4,CITIC Dicastal,www.dicastal.com/en/,2017,Global,,Percentage(%),,,,,,,,,,,"{'Mg': '91', 'Al': 8.5, 'Zn': 0.5, 'Mn': 0.12, 'Cu': 0.05, 'Si': 0.1}",,
Magnesium AZ91C-T6,Cast T6,CITIC Dicastal,www.dicastal.com/en/,2017,Global,,Percentage(%),,,,,,,,,,,"{'Mg': '91', 'Al': 8.5, 'Zn': 0.5, 'Mn': 0.12, 'Cu': 0.05, 'Si': 0.1}",,
Magnesium AZ91D-F,Cast F,CITIC Dicastal,www.dicastal.com/en/,2017,Global,,Percentage(%),,,,,,,,,,,"{'Mg': '91', 'Al': 8.5, 'Zn': 0.5, 'Mn': 0.12, 'Cu': 0.05, 'Si': 0.1}",,
Magnesium AZ91E-F,Cast F,CITIC Dicastal,www.dicastal.com/en/,2017,Global,,Percentage(%),,,,,,,,,,,"{'Mg': '91', 'Al': 8.5, 'Zn': 0.5, 'Mn': 0.12, 'Cu': 0.05, 'Si': 0.1}",,
Magnesium AZ91E-T4,Cast T4,CITIC Dicastal,www.dicastal.com/en/,2017,Global,,Percentage(%),,,,,,,,,,,"{'Mg': '92', 'Al': 7.55, 'Zn': 0.7, 'Mn': 0.13, 'Cu': 0.1, 'Si': 0.3}",,
Magnesium AZ91E-T6,Cast T6,CITIC Dicastal,www.dicastal.com/en/,2017,Global,,Percentage(%),,,,,,,,,,,"{'Mg': '90', 'Al': 9.0, 'Zn': 0.68, 'Mn': 0.13, 'Cu': 0.1, 'Si': 0.5}",,
Magnesium AZ92A-F,Cast F,CITIC Dicastal,www.dicastal.com/en/,2017,Global,,Percentage(%),,,,,,,,,,,"{'Mg': '90', 'Al': 9.0, 'Zn': 0.68, 'Mn': 0.13, 'Cu': 0.35, 'Si': 0.5}",,
Magnesium AZ92A-T4,Cast T4,CITIC Dicastal,www.dicastal.com/en/,2017,Global,,Percentage(%),,,,,,,,,,,"{'Mg': '90', 'Al': 8.7, 'Zn': 0.7, 'Mn': 0.13, 'Cu': 0.1, 'Si': 0.3}",,
Magnesium AZ92A-T5,Cast T5,CITIC Dicastal,www.dicastal.com/en/,2017,Global,,Percentage(%),,,,,,,,,,,"{'Mg': '90', 'Al': 8.7, 'Zn': 0.7, 'Mn': 0.13, 'Cu': 0.1, 'Si': 0.3}",,
Magnesium AZ92A-T6,Cast T6,CITIC Dicastal,www.dicastal.com/en/,2017,Global,,Percentage(%),,,,,,,,,,,"{'Mg': '90', 'Al': 8.7, 'Zn': 0.7, 'Mn': 0.13, 'Cu': 0.1, 'Si': 0.3}",,
Magnesium AZ92A-T7,Cast T7,CITIC Dicastal,www.dicastal.com/en/,2017,Global,,Percentage(%),,,,,,,,,,,"{'Mg': '90', 'Al': 9.0, 'Zn': 0.68, 'Mn': 0.13, 'Cu': 0.03, 'Si': 0.1}",,
Magnesium EA55B-T6,Cast T6,CITIC Dicastal,www.dicastal.com/en/,2017,Global,,Percentage(%),,,,,,,,,,,"{'Mg': '89.87', 'Al': 8.7, 'Zn': 0.7, 'Mn': 0.26, 'Cu': 0.02, 'Si': 0.2}",,
Magnesium EA55RS-T4,Extruded T4,CITIC Dicastal,www.dicastal.com/en/,2017,Global,,Percentage(%),,,,,,,,,,,"{'Mg': '89.87', 'Al': 8.7, 'Zn': 0.7, 'Mn': 0.26, 'Cu': 0.02, 'Si': 0.2}",,
Magnesium EA65B-T6,Cast T6,CITIC Dicastal,www.dicastal.com/en/,2017,Global,,Percentage(%),,,,,,,,,,,"{'Mg': '89.87', 'Al': 8.7, 'Zn': 0.7, 'Mn': 0.26, 'Cu': 0.02, 'Si': 0.2}",,
Magnesium EA65RS-T4,Extruded T4,CITIC Dicastal,www.dicastal.com/en/,2017,Global,,Percentage(%),,,,,,,,,,,"{'Mg': '89', 'Al': 9.0, 'Zn': 2.0, 'Mn': 0.1, 'Cu': 0.25, 'Si': 0.3}",,
Magnesium Elektron Elektron® 21 Magnesium Casting Alloy,Cast,CITIC Dicastal,www.dicastal.com/en/,2017,Global,,Percentage(%),,,,,,,,,,,"{'Mg': '89', 'Al': 9.0, 'Zn': 2.0, 'Mn': 0.1, 'Cu': 0.25, 'Si': 0.3}",,
Magnesium Elektron Elektron® 43 Magnesium Extrusion Alloy," UNS M18434, Extruded",CITIC Dicastal,www.dicastal.com/en/,2017,Global,,Percentage(%),,,,,,,,,,,"{'Mg': '89', 'Al': 9.0, 'Zn': 2.0, 'Mn': 0.1, 'Cu': 0.25, 'Si': 0.3}",,
Magnesium Elektron Elektron® 43 Magnesium Wrought Alloy,Wrought,CITIC Dicastal,www.dicastal.com/en/,2017,Global,,Percentage(%),,,,,,,,,,,"{'Mg': '89', 'Al': 9.0, 'Zn': 2.0, 'Mn': 0.1, 'Cu': 0.25, 'Si': 0.3}",,
Magnesium EQ-21A-T6,Sand/Permanent Mold Castings T6,CITIC Dicastal,www.dicastal.com/en/,2017,Global,,Percentage(%),,,,,,,,,,,"{'Mg': '89', 'Al': 9.0, 'Zn': 2.0, 'Mn': 0.1, 'Cu': 0.25, 'Si': 0.3}",,
Magnesium EQ21-T6,Cast T6,CITIC Dicastal,www.dicastal.com/en/,2017,Global,,Percentage(%),,,,,,,,,,,"{'Mg': '85', 'Al': 5.0, 'Zn': 5.0, 'Nd': 4.9}",,
Magnesium EZ33A-T5,Cast T5,CITIC Dicastal,www.dicastal.com/en/,2017,Global,,Percentage(%),,,,,,,,,,,"{'Mg': '85', 'Al': 5.0, 'Zn': 5.0, 'Nd': 4.9}",,
Magnesium HK31A-H24,Plate H24,CITIC Dicastal,www.dicastal.com/en/,2017,Global,,Percentage(%),,,,,,,,,,,"{'Mg': '84', 'Al': 5.0, 'Zn': 5.0, 'Y': 5.9}",,
Magnesium HK31A-O,Plate O,CITIC Dicastal,www.dicastal.com/en/,2017,Global,,Percentage(%),,,,,,,,,,,"{'Mg': '84', 'Al': 5.0, 'Zn': 5.0, 'Y': 5.9}",,
Magnesium HK31A-T6,Cast T6,CITIC Dicastal,www.dicastal.com/en/,2017,Global,,Percentage(%),,,,,,,,,,,"{'Mg': '95.45', 'Zn': 0.35, 'Nd': 2.85, 'Gd': 1.35}",,
Magnesium HM21A-F,Forgings F,CITIC Dicastal,www.dicastal.com/en/,2017,Global,,Percentage(%),,,,,,,,,,,"{'Mg': '93', 'Ce': 0.97, 'La': 0.97, 'Nd': 0.97, 'Zr': 0.2, 'Y': 4.0}",,
Magnesium HM21A-T5,Forgings T5,CITIC Dicastal,www.dicastal.com/en/,2017,Global,,Percentage(%),,,,,,,,,,,"{'Mg': '92.9', 'Ce': 0.97, 'La': 0.97, 'Nd': 0.97, 'Zr': 0.2, 'Y': 4.0}",,
Magnesium HM21A-T8,Sheet and Plate T8,CITIC Dicastal,www.dicastal.com/en/,2017,Global,,Percentage(%),,,,,,,,,,,"{'Mg': '95.7', 'Nd': 2.25, 'Zr': 0.7, 'Ag': 1.5, 'Cu': 0.08}",,
Magnesium HM21A-T81,Sheet and Plate T81,CITIC Dicastal,www.dicastal.com/en/,2017,Global,,Percentage(%),,,,,,,,,,,"{'Mg': '96', 'Nd': 2.13, 'Zr': 0.7, 'Ag': 1.5, 'Cu': 0.08}",,
Magnesium HM31A O Wrought Alloy (UNS M13312),Wrought O,CITIC Dicastal,www.dicastal.com/en/,2017,Global,,Percentage(%),,,,,,,,,,,"{'Mg': '93', 'Zn': 2.55, 'Nd': 3.25, 'Zr': 0.75, 'Cu': 0.1}",,
Magnesium HM31A-F,F,CITIC Dicastal,www.dicastal.com/en/,2017,Global,,Percentage(%),,,,,,,,,,,"{'Mg': '96', 'Zn': 0.3, 'Zr': 0.7, 'Cu': 0.1, 'Th': 3.25}",,
Magnesium HM31A-T5,Extruded Solid Shapes T5,CITIC Dicastal,www.dicastal.com/en/,2017,Global,,Percentage(%),,,,,,,,,,,"{'Mg': '96', 'Zn': 0.3, 'Zr': 0.7, 'Cu': 0.1, 'Th': 3.25}",,
Magnesium HZ32A-T5,Cast T5,CITIC Dicastal,www.dicastal.com/en/,2017,Global,,Percentage(%),,,,,,,,,,,"{'Mg': '96', 'Zn': 0.3, 'Zr': 0.7, 'Cu': 0.1, 'Th': 3.25}",,
Magnesium K1A-F,Die Cast F,CITIC Dicastal,www.dicastal.com/en/,2017,Global,,Percentage(%),,,,,,,,,,,"{'Mg': '97', 'Mn': 0.78, 'Th': 2.0}",,
Magnesium K1A-F,Sand Cast F,CITIC Dicastal,www.dicastal.com/en/,2017,Global,,Percentage(%),,,,,,,,,,,"{'Mg': '97', 'Mn': 0.78, 'Th': 2.0}",,
Magnesium LA141,Ultralight Mg-Li Alloy,CITIC Dicastal,www.dicastal.com/en/,2017,Global,,Percentage(%),,,,,,,,,,,"{'Mg': '97', 'Mn': 0.78, 'Th': 2.0}",,
Magnesium LS141,Ultralight Mg-Li Alloy,CITIC Dicastal,www.dicastal.com/en/,2017,Global,,Percentage(%),,,,,,,,,,,"{'Mg': '97', 'Mn': 0.78, 'Th': 2.0}",,
Magnesium M1A Forgings,Forgings,CITIC Dicastal,www.dicastal.com/en/,2017,Global,,Percentage(%),,,,,,,,,,,"{'Mg': '95.8', 'Mn': 1.2, 'Th': 3.0}",,
Magnesium M1A Sheet,Hard-Rolled Sheet,CITIC Dicastal,www.dicastal.com/en/,2017,Global,,Percentage(%),,,,,,,,,,,"{'Mg': '96', 'Mn': 1.2, 'Th': 3.0}",,
Magnesium M1A-F,Extruded F,CITIC Dicastal,www.dicastal.com/en/,2017,Global,,Percentage(%),,,,,,,,,,,"{'Mg': '96', 'Mn': 1.2, 'Th': 3.0}",,
Magnesium M1A-F,Forgings F,CITIC Dicastal,www.dicastal.com/en/,2017,Global,,Percentage(%),,,,,,,,,,,"{'Mg': '94', 'Zn': 2.1, 'Ce': 0.1, 'Zr': 0.75, 'Cu': 0.1, 'Th': 3.25}",,
Magnesium M1A-F Sheet,Annealed F Sheet,CITIC Dicastal,www.dicastal.com/en/,2017,Global,,Percentage(%),,,,,,,,,,,"{'Mg': '99', 'Zr': 0.7}",,
Magnesium QE22A-T6,Cast T6,CITIC Dicastal,www.dicastal.com/en/,2017,Global,,Percentage(%),,,,,,,,,,,"{'Mg': '99', 'Zr': 0.7}",,
Magnesium QH21A-T6,Cast T6,CITIC Dicastal,www.dicastal.com/en/,2017,Global,,Percentage(%),,,,,,,,,,,"{'Mg': '85', 'Al': 1.25, 'Li': 14.0}",,
Magnesium WE43-T6,Cast T6,CITIC Dicastal,www.dicastal.com/en/,2017,Global,,Percentage(%),,,,,,,,,,,"{'Mg': '85', 'Al': 0.65, 'Li': 14.0}",,
Magnesium WE43A-T6,Sand/Permanent Mold Castings T6,CITIC Dicastal,www.dicastal.com/en/,2017,Global,,Percentage(%),,,,,,,,,,,"{'Mg': '99', 'Mn': 1.2, 'Ca': 0.3, 'Cu': 0.05, 'Si': 0.1}",,
Magnesium WE54-T6,Cast T6,CITIC Dicastal,www.dicastal.com/en/,2017,Global,,Percentage(%),,,,,,,,,,,"{'Mg': '99', 'Mn': 1.2, 'Ca': 0.3, 'Cu': 0.05, 'Si': 0.1}",,
Magnesium WE54A-T6,Sand/Permanent Mold Castings T6,CITIC Dicastal,www.dicastal.com/en/,2017,Global,,Percentage(%),,,,,,,,,,,"{'Mg': '98.8', 'Mn': 1.2, 'Ca': 0.3, 'Cu': 0.05, 'Si': 0.1}",,
Magnesium ZC-63A-T6,Sand/Permanent Mold Castings T6,CITIC Dicastal,www.dicastal.com/en/,2017,Global,,Percentage(%),,,,,,,,,,,"{'Mg': '98.8', 'Mn': 1.2, 'Ca': 0.3, 'Cu': 0.05, 'Si': 0.1}",,
Magnesium ZC63-T6,T6,CITIC Dicastal,www.dicastal.com/en/,2017,Global,,Percentage(%),,,,,,,,,,,"{'Mg': '98.8', 'Mn': 1.2, 'Ca': 0.3, 'Cu': 0.05, 'Si': 0.1}",,
Magnesium ZC71,As-Extruded,CITIC Dicastal,www.dicastal.com/en/,2017,Global,,Percentage(%),,,,,,,,,,,"{'Mg': '95', 'Nd': 2.1, 'Zr': 0.7, 'Ag': 2.5, 'Cu': 0.1}",,
Magnesium ZC71-T5,T5,CITIC Dicastal,www.dicastal.com/en/,2017,Global,,Percentage(%),,,,,,,,,,,"{'Mg': '95', 'Zn': 0.2, 'Nd': 1.05, 'Zr': 0.7, 'Ag': 2.5, 'Cu': 0.1, 'Th': 1.1}",,
Magnesium ZC71-T6,Extruded Bars/Shapes T6,CITIC Dicastal,www.dicastal.com/en/,2017,Global,,Percentage(%),,,,,,,,,,,"{'Mg': '92', 'Zn': 0.2, 'Mn': 0.15, 'Nd': 3.4, 'Zr': 0.7, 'Y': 4.0, 'Cu': 0.03, 'Si': 0.01, 'Li': 0.2}",,
Magnesium ZC71-T6,T6,CITIC Dicastal,www.dicastal.com/en/,2017,Global,,Percentage(%),,,,,,,,,,,"{'Mg': '91.9', 'Zr': 0.7, 'Y': 4.0}",,
Magnesium ZE41A-T5,Cast T5,CITIC Dicastal,www.dicastal.com/en/,2017,Global,,Percentage(%),,,,,,,,,,,"{'Mg': '91', 'Zn': 0.2, 'Mn': 0.15, 'Nd': 3.0, 'Zr': 0.7, 'Y': 5.13, 'Cu': 0.03, 'Si': 0.01, 'Li': 0.2}",,
Magnesium ZE63A-T6,Cast T6,CITIC Dicastal,www.dicastal.com/en/,2017,Global,,Percentage(%),,,,,,,,,,,"{'Mg': '91.1', 'Zn': 0.2, 'Mn': 0.15, 'Ce': 1.0, 'La': 1.0, 'Nd': 1.0, 'Zr': 0.7, 'Y': 5.13, 'Cu': 0.03, 'Si': 0.01}",,
Magnesium ZH62A-T5,Cast T5,CITIC Dicastal,www.dicastal.com/en/,2017,Global,,Percentage(%),,,,,,,,,,,"{'Mg': '91', 'Zn': 6.0, 'Mn': 0.5, 'Cu': 2.7, 'Si': 0.2}",,
Magnesium ZK21A Wrought Alloy (UNS M16210),Wrought,CITIC Dicastal,www.dicastal.com/en/,2017,Global,,Percentage(%),,,,,,,,,,,"{'Mg': '91', 'Zn': 6.0, 'Mn': 0.5, 'Cu': 2.7, 'Si': 0.2}",,
Magnesium ZK21A-F,Extruded Solid Shapes F,CITIC Dicastal,www.dicastal.com/en/,2017,Global,,Percentage(%),,,,,,,,,,,"{'Mg': '91.25', 'Zn': 6.5, 'Mn': 0.75, 'Cu': 1.25, 'Si': 0.2}",,
Magnesium ZK21A-F,Extruded Tubing F,CITIC Dicastal,www.dicastal.com/en/,2017,Global,,Percentage(%),,,,,,,,,,,"{'Mg': '91.25', 'Zn': 6.5, 'Mn': 0.75, 'Cu': 1.25, 'Si': 0.2}",,
Magnesium ZK31-T5,Extruded Bars/Shapes T5,CITIC Dicastal,www.dicastal.com/en/,2017,Global,,Percentage(%),,,,,,,,,,,"{'Mg': '91.25', 'Zn': 6.5, 'Mn': 0.75, 'Cu': 1.25, 'Si': 0.2}",,
Magnesium ZK31-T5,Forgings T5,CITIC Dicastal,www.dicastal.com/en/,2017,Global,,Percentage(%),,,,,,,,,,,"{'Mg': '91.25', 'Zn': 6.5, 'Mn': 0.75, 'Cu': 1.25, 'Si': 0.2}",,
Magnesium ZK40A-T5,Extruded T5,CITIC Dicastal,www.dicastal.com/en/,2017,Global,,Percentage(%),,,,,,,,,,,"{'Mg': '94', 'Zn': 4.25, 'Mn': 0.15, 'Ce': 1.25, 'Zr': 0.7, 'Cu': 0.1}",,
Magnesium ZK51A-T5,Cast T5,CITIC Dicastal,www.dicastal.com/en/,2017,Global,,Percentage(%),,,,,,,,,,,"{'Mg': '91', 'Zn': 5.75, 'Nd': 2.55, 'Zr': 0.7, 'Cu': 0.1}",,
Magnesium ZK60A-F,Extruded Solids F,CITIC Dicastal,www.dicastal.com/en/,2017,Global,,Percentage(%),,,,,,,,,,,"{'Mg': '92', 'Zn': 5.7, 'Zr': 0.75, 'Cu': 0.1, 'Th': 1.8}",,
Magnesium ZK60A-T5,Extruded T5,CITIC Dicastal,www.dicastal.com/en/,2017,Global,,Percentage(%),,,,,,,,,,,"{'Mg': '97', 'Zr': 0.65}",,
Magnesium ZK60A-T5,Forgings T5,CITIC Dicastal,www.dicastal.com/en/,2017,Global,,Percentage(%),,,,,,,,,,,"{'Mg': '97', 'Zn': 2.3, 'Zr': 0.63}",,
Magnesium ZK60A-T6,Forgings T6,CITIC Dicastal,www.dicastal.com/en/,2017,Global,,Percentage(%),,,,,,,,,,,"{'Mg': '97', 'Zn': 2.3, 'Zr': 0.63}",,
Magnesium ZK61A-T5,Cast T5,CITIC Dicastal,www.dicastal.com/en/,2017,Global,,Percentage(%),,,,,,,,,,,"{'Mg': '96.4', 'Zn': 3.0, 'Zr': 0.6}",,
Magnesium ZK61A-T5,Forgings T5,CITIC Dicastal,www.dicastal.com/en/,2017,Global,,Percentage(%),,,,,,,,,,,"{'Mg': '96.4', 'Zn': 3.0, 'Zr': 0.6}",,
Magnesium ZK61A-T6,Cast T6,CITIC Dicastal,www.dicastal.com/en/,2017,Global,,Percentage(%),,,,,,,,,,,"{'Mg': '95', 'Zn': 4.0, 'Zr': 0.45}",,
Magnesium ZM21-0,Sheet and Plate O,CITIC Dicastal,www.dicastal.com/en/,2017,Global,,Percentage(%),,,,,,,,,,,"{'Mg': '95', 'Zn': 4.55, 'Zr': 0.75, 'Cu': 0.1}",,
Magnesium ZM21-F,Extruded Bars/Shapes F,CITIC Dicastal,www.dicastal.com/en/,2017,Global,,Percentage(%),,,,,,,,,,,"{'Mg': '94', 'Zn': 5.5, 'Zr': 0.45}",,
Magnesium ZM21-F,Forgings F,CITIC Dicastal,www.dicastal.com/en/,2017,Global,,Percentage(%),,,,,,,,,,,"{'Mg': '94', 'Zn': 5.5, 'Zr': 0.45}",,
Magnesium ZM21-H24,Sheet and Plate H24,CITIC Dicastal,www.dicastal.com/en/,2017,Global,,Percentage(%),,,,,,,,,,,"{'Mg': '94', 'Zn': 5.5, 'Zr': 0.45}",,
Mg -Al-Cu-Zr,Strain Heat Treatment,CITIC Dicastal,www.dicastal.com/en/,2017,Global,,Percentage(%),,,,,,,,,,,"{'Mg': '94', 'Zn': 5.5, 'Zr': 0.45}",,
AZ91,As cast,CITIC Dicastal,www.dicastal.com/en/,2017,Global,,Percentage(%),,,,,,,,,,,"{'Mg': '93', 'Zn': 6.0, 'Zr': 0.8, 'Cu': 0.1}",,
AZ91,380C pre heated,CITIC Dicastal,www.dicastal.com/en/,2017,Global,,Percentage(%),,,,,,,,,,,"{'Mg': '93', 'Zn': 6.0, 'Zr': 0.8, 'Cu': 0.1}",,
AZ91,420 C pre heated,CITIC Dicastal,www.dicastal.com/en/,2017,Global,,Percentage(%),,,,,,,,,,,"{'Mg': '93', 'Zn': 6.0, 'Zr': 0.8, 'Cu': 0.1}",,
AZ91,FHT(Solutionizing at 380 C for 8h and then at 420 C for 24h followed by hardening for 8h at 200 C),CITIC Dicastal,www.dicastal.com/en/,2017,Global,,Percentage(%),,,,,,,,,,,"{'Mg': '97.5', 'Zn': 2.0, 'Mn': 0.5}",,
Mg-20%Gd,T6 (523 K),CITIC Dicastal,www.dicastal.com/en/,2017,Global,,Percentage(%),,,,,,,,,,,"{'Mg': '97.5', 'Zn': 2.0, 'Mn': 0.5}",,
Mg-20%Tb,T6 (523 K),CITIC Dicastal,www.dicastal.com/en/,2017,Global,,Percentage(%),,,,,,,,,,,"{'Mg': '97.5', 'Zn': 2.0, 'Mn': 0.5}",,
AZ91D,T6 (473 K),CITIC Dicastal,www.dicastal.com/en/,2017,Global,,Percentage(%),,,,,,,,,,,"{'Mg': '97.5', 'Zn': 2.0, 'Mn': 0.5}",,
WE54A,T6 (523 K),CITIC Dicastal,www.dicastal.com/en/,2017,Global,,Percentage(%),,,,,,,,,,,"{'Mg': '94.5', 'Al': 1.0, 'Zr': 0.5, 'Cu': 4.0}",,
Mg-AL-Ga,Extrusion,CITIC Dicastal,www.dicastal.com/en/,2017,Global,,Percentage(%),,,,,,,,,,,"{'Mg': '90', 'Al': 9.0, 'Zn': 1.0}",,
Mg-AL-Ga-Zn,Extrusion,CITIC Dicastal,www.dicastal.com/en/,2017,Global,,Percentage(%),,,,,,,,,,,"{'Mg': '90', 'Al': 9.0, 'Zn': 1.0}",,
Mg-Al-Zn-Nd,Extrusion,CITIC Dicastal,www.dicastal.com/en/,2017,Global,,Percentage(%),,,,,,,,,,,"{'Mg': '90', 'Al': 9.0, 'Zn': 1.0}",,