Input string,Mapped name,Mapped code,Quarantine?
shanxi,"China, Shanxi (山西)",CN-SX,c
inner mongolia,"China, Inner Mongol (内蒙古自治区)",CN-NM,c
liaoning,"China, Liaoning (辽宁)",CN-LN,c
jilin,"China, Jilin (吉林)",CN-JL,c
heilongjiang,"China, Heilongjiang (黑龙江省)",CN-HL,c
jiangsu,"China, Jiangsu (江苏)",CN-JS,c
zhejiang,"China, Zhejiang (浙江)",CN-ZJ,c
anhui,"China, Anhui (安徽)",CN-AH,c
fujian,"China, Fujian (福建)",CN-FJ,c
jiangxi,"China, Jiangxi (江西)",CN-JX,c
shandong,"China, Shandong (山东)",CN-SD,c
henan,"China, Henan (河南)",CN-HE,c
hubei,"China, Hubei (湖北)",CN-HU,c
hunan,"China, Hunan (湖南)",CN-HN,c
guangdong,"China, Guangdong (广东)",CN-GD,c
guangxi,"China, Guangxi (广西壮族自治区)",CN-GX,c
hainan,"China, Hainan (海南)",CN-HA,c
sichuan,"China, Sichuan (四川)",CN-SC,c
guizhou,"China, Guizhou (贵州)",CN-GZ,c
yunnan,"China, Yunnan (云南)",CN-YN,c
shaanxi,"China, Shaanxi (陕西)",CN-SA,c
gansu,"China, Gansu (甘肃)",CN-GS,c
qinghai,"China, Qinghai (青海)",CN-QH,c
ningxia,"China, Ningxia (宁夏回族自治区)",CN-NX,c
xinjiang,"China, Xinjiang (新疆维吾尔自治区)",CN-XJ,c
