Input string,Mapped name,Mapped code,Quarantine?
shanxi,"China, Shanxi (山西)",CN-SX,
inner mongolia,Mongolia,MN,
liaoning,"China, Liaoning (辽宁)",CN-LN,
jilin,"China, Jilin (吉林)",CN-JL,
heilongjiang,"China, Heilongjiang (黑龙江省)",CN-HL,
jiangsu,"China, Jiangsu (江苏)",CN-JS,
zhejiang,"China, Zhejiang (浙江)",CN-ZJ,
anhui,"China, Anhui (安徽)",CN-AH,
fujian,"China, Fujian (福建)",CN-FJ,
jiangxi,"China, Jiangxi (江西)",CN-JX,
shandong,"China, Shandong (山东)",CN-SD,
henan,"China, Henan (河南)",CN-HE,
hubei,"China, Hubei (湖北)",CN-HU,
hunan,"China, Hunan (湖南)",CN-HN,
guangdong,"China, Guangdong (广东)",CN-GD,
guangxi,"China, Guangxi (广西壮族自治区)",CN-GX,
hainan,"China, Hainan (海南)",CN-HA,
sichuan,"China, Sichuan (四川)",CN-SC,
guizhou,"China, Guizhou (贵州)",CN-GZ,
yunnan,"China, Yunnan (云南)",CN-YN,
shaanxi,"China, Shaanxi (陕西)",CN-SA,
gansu,"China, Gansu (甘肃)",CN-GS,
qinghai,"China, Qinghai (青海)",CN-QH,
ningxia,"China, Ningxia (宁夏回族自治区)",CN-NX,
xinjiang,"China, Xinjiang (新疆维吾尔自治区)",CN-XJ,
