Name,Description,Source Organization,Source,Date,Country of Applicability,Other,"Composition, Parameters/Conditions",Valid until,PCR title & Number,Functional Unit,Excluded Lifecycle Stages,Environmental Parameters/Impact Categories Included,HS Codes,Unit,Value,Link to EPD,EPD registration number,Composition items list,Equation,Primary Product
Anisoptera costata Korth.,"Family DIPTEROCARPACEAE,Species Anisoptera costata Korth.,Wood Density 0.65",CIRAD(Published Year 2019),"https://dataverse.cirad.fr/   ,2019",1950,french cochinchina,,% for composition items relates to percentage of anhydrous wood gross weight,,,,,,,,,,,"Ethanol/benzene extract:5.6%,Water Extract:1.7%,Ash:0.9%,Silica:0.326Lignin:27.4%,Pentosan:17.8%,Cellulose:42.4%",,
Anisoptera costata Korth.,"Family DIPTEROCARPACEAE,Species Anisoptera costata Korth.,Wood Density 0.58",CIRAD(Published Year 2019),"https://dataverse.cirad.fr/   ,2019",1951,french cochinchina,,% for composition items relates to percentage of anhydrous wood gross weight,,,,,,,,,,,"Ethanol/benzene extract:5.9%,Water Extract:3.2%,Ash:0.5%,Silica:0.016Lignin:26.7%,Pentosan:16.1%,Cellulose:43.3%",,
Parashorea stellata (Kurz) Dyer,"Family DIPTEROCARPACEAE,Species Parashorea stellata (Kurz) Dyer,Wood Density 0.73",CIRAD(Published Year 2019),"https://dataverse.cirad.fr/   ,2019",1950,french cochinchina,,% for composition items relates to percentage of anhydrous wood gross weight,,,,,,,,,,,"Ethanol/benzene extract:5.6%,Water Extract:1.6%,Ash:0.5%,Silica:0.005Lignin:31.2%,Pentosan:16.1%,Cellulose:44%",,
Dialium cochinchinense Pierre,"Family CAESALPINIACEAE,Species Dialium cochinchinense Pierre,Wood Density 1.11",CIRAD(Published Year 2019),"https://dataverse.cirad.fr/   ,2019",1951,annam french protectorate,,% for composition items relates to percentage of anhydrous wood gross weight,,,,,,,,,,,"Ethanol/benzene extract:3.3%,Water Extract:2.1%,Ash:1.1%,Silica:0.047Lignin:35.9%,Pentosan:18%,Cellulose:37.1%",,
Tarrietia javanica Bl.,"Family MALVACEAE,Species Tarrietia javanica Bl.,Wood Density 0.72",CIRAD(Published Year 2019),"https://dataverse.cirad.fr/   ,2019",1951,annam french protectorate,,% for composition items relates to percentage of anhydrous wood gross weight,,,,,,,,,,,"Ethanol/benzene extract:3.1%,Water Extract:1.9%,Ash:1.4%,Silica:0.077Lignin:46.6%,Pentosan:13%,Cellulose:32.9%",,
Lagerstroemia angustifolia Pierre,"Family LYTHRACEAE,Species Lagerstroemia angustifolia Pierre,Wood Density 0.74",CIRAD(Published Year 2019),"https://dataverse.cirad.fr/   ,2019",1951,annam french protectorate,,% for composition items relates to percentage of anhydrous wood gross weight,,,,,,,,,,,"Ethanol/benzene extract:2.5%,Water Extract:3.6%,Ash:1.2%,Silica:Lignin:37%,Pentosan:10.2%,Cellulose:44.4%",,
Terminalia bellirica (Gaertn.) Roxb.,"Family COMBRETACEAE,Species Terminalia bellirica (Gaertn.) Roxb.,Wood Density 0.63",CIRAD(Published Year 2019),"https://dataverse.cirad.fr/   ,2019",1951,french cochinchina,,% for composition items relates to percentage of anhydrous wood gross weight,,,,,,,,,,,"Ethanol/benzene extract:8%,Water Extract:1.1%,Ash:4.5%,Silica:0.046Lignin:25.9%,Pentosan:15.7%,Cellulose:38.7%",,
Dacrycarpus imbricatus De Laub.,"Family PODOCARPACEAE,Species Dacrycarpus imbricatus De Laub.,Wood Density 0.54",CIRAD(Published Year 2019),"https://dataverse.cirad.fr/   ,2019",1952,annam french protectorate,,% for composition items relates to percentage of anhydrous wood gross weight,,,,,,,,,,,"Ethanol/benzene extract:0.5%,Water Extract:1.1%,Ash:0.8%,Silica:0.01Lignin:31.6%,Pentosan:7.7%,Cellulose:45.3%",,
Keteleeria davidiana (Bertrand) Beissn.,"Family PINACEAE,Species Keteleeria davidiana (Bertrand) Beissn.,Wood Density 0.41",CIRAD(Published Year 2019),"https://dataverse.cirad.fr/   ,2019",1952,annam french protectorate,,% for composition items relates to percentage of anhydrous wood gross weight,,,,,,,,,,,"Ethanol/benzene extract:1.6%,Water Extract:1.8%,Ash:0.3%,Silica:0.02Lignin:32.1%,Pentosan:7.9%,Cellulose:44%",,
Parashorea sp,"Family DIPTEROCARPACEAE,Species Parashorea sp,Wood Density 0.76",CIRAD(Published Year 2019),"https://dataverse.cirad.fr/   ,2019",1988,peninsular malaysia,,% for composition items relates to percentage of anhydrous wood gross weight,,,,,,,,,,,"Ethanol/benzene extract:4.9%,Water Extract:1.3%,Ash:0.55%,Silica:0.0043Lignin:29.6%,Pentosan:13.1%,Cellulose:49.1%",,
